file,line,artifact_form,context
grade_10_aghatathmaka_and_anaghatathmaka_padi.md,16,`,> Text was extracted from the PDF text layer with `pdftotext -layout`. OCR was not used.
grade_10_aghatathmaka_and_anaghatathmaka_padi.md,16,`,> Text was extracted from the PDF text layer with `pdftotext -layout`. OCR was not used.
grade_10_folk_song_classification.md,16,`,> Text was extracted from the PDF text layer with `pdftotext -layout`. OCR was not used.
grade_10_folk_song_classification.md,16,`,> Text was extracted from the PDF text layer with `pdftotext -layout`. OCR was not used.
grade_10_musical_fundamentals.md,16,`,> Text was extracted from the PDF text layer with `pdftotext -layout`. OCR was not used.
grade_10_musical_fundamentals.md,16,`,> Text was extracted from the PDF text layer with `pdftotext -layout`. OCR was not used.
grade_10_nadaya.md,16,`,> Text was extracted from the PDF text layer with `pdftotext -layout`. OCR was not used.
grade_10_nadaya.md,16,`,> Text was extracted from the PDF text layer with `pdftotext -layout`. OCR was not used.
grade_10_nadaya_section_8_1_1.md,16,`,> Text was extracted from the PDF text layer with `pdftotext -layout`. OCR was not used.
grade_10_nadaya_section_8_1_1.md,16,`,> Text was extracted from the PDF text layer with `pdftotext -layout`. OCR was not used.
grade_10_western_music.md,145,සම`ග,පුරවැසියා කෙසේ විය යුතු ද යන්න  ගැඹුරින් විමසා  බැලීමත් සම`ග  මෙතෙක් පැවති සෞන්දර්ය
grade_10_western_music.md,217,ක`ඵතර,"ඊ. ඒ. ප්‍රේමසිරිගුරු උපදේශක, කලාප අධ්‍යාපන කාර්යාලය, ක`ඵතර."
grade_10_western_music.md,281,හැ`දින්වීම,හැ`දින්වීමv-vi
grade_10_western_music.md,362,ළ`ගා,තත්ත්වයන්  ළ`ගා  කර
grade_10_western_music.md,392,යනවි`දියි,රහ්මාන් යනවි`දියි.  මෙහෙයවීම  වැනි  විවිධ  පෞරුෂ
grade_10_western_music.md,441,වි``දියි,ගීත රස වි``දියි.
grade_10_western_music.md,443,වි`දිමින්,කරමින්  රස  වි`දිමින්  ගීතඇසුරින්)
grade_10_western_music.md,445,සංගීතකඳු`ඵ,5.2 ශ්‍රී  ලංකාවේ  සරල  සංගීතකඳු`ඵ හෙලා නෑඹිලියට/ඉපදුනු දා2. ශී්‍ර ලංකාවේ සරල සංගීත ක්‍ෂේත්‍රයේ මව්      03
grade_10_western_music.md,570,න`ගන්න,න`ගන්න.
grade_10_western_music.md,707,හැ`දින්වෙයි,ප්‍රබන්ධ කර ඇති ගීත ශෛලිය ලක්ෂණ ගී නමින් හැ`දින්වෙයි. සෑම රාගයකට
grade_10_western_music.md,750,ප`ඩිතුමා,ක්‍රමික පුස්තක් මාලිකාභාත්ඛණ්ඩේ ප`ඩිතුමා• -
grade_10_western_music.md,794,හැ`දින්වීමක්,කෙටි හැ`දින්වීමක් කරන්න. භක්ති ගීත නිර්මාණයේ දී ෙභෙරවී රාගය වැඩි
grade_10_western_music.md,825,ප`ඩිතුමා,ක්‍රමික් පුස්තක් මාලිකා භාත්ඛණ්ඩේ ප`ඩිතුමා•I -
grade_10_western_music.md,961,හැ`දින්වෙයි,ප්‍රබන්ධ කර ඇති ගීත ලක්ෂණ ගී නමින් හැ`දින්වෙයි. සෑම රාගයකට ම
grade_10_western_music.md,970,වි`දිමු,1.  නිති වි`දිමු සුමධුර යමන රාග රස
grade_10_western_music.md,1037,ව`දිමි,1.සදාකල් ව`දිමි මා පාද යුග
grade_10_western_music.md,1046,හැ`දින්වීමක්,රස භාවයන් පිළිබඳ ව කෙටි හැ`දින්වීමක් කරන්න. කරුණා රසය ඉස්මතු
grade_10_western_music.md,1085,බැ`දි,ඉගෙනුම්  පල           :රාග විස්තර හා බැ`දි සංකල්ප නිර්වචනය කරයි.•
grade_10_western_music.md,1092,වි`දිමු,නිති වි`දිමු. සුමධුර යමන් රාග රස ලක්ෂණ ගීය.•
grade_10_western_music.md,1146,සිරි`ගර,7. ‘‘බැති සිරි`ගර රසපිරි’’ යනුවෙන් අදහස් කරන්නේ කුමක් ද?
grade_10_western_music.md,1207,හො`දින්,කරනු ලබන සංකේතයන් ය. එම තොරතුරු කියවා හො`දින් අවබෝධ කර ගන්න. ගැටලු ඇතොත්
grade_10_western_music.md,1279,හැ`දින්වීම,(ගීතය පිහිටුවා ඇති ශ්‍රැතිය හැ`දින්වීම සඳහා සටහන් කෙරේ.(viii)M
grade_10_western_music.md,1281,ළ`ගින්,තනි ඉංග්‍රීසි අකුරින් එකත් සිම්පල් අකුර ඒ ළ`ගින් ම දකුණු පසින් යෙදීමෙන්Major Scalem
grade_10_western_music.md,1300,ඊළ`ග,හා ලියනුයේ (තනුවට) යටින් ඊළ`ග පේළිය  හෝ  දෙක  මත  ය.  එමCounter Part melody
grade_10_western_music.md,1314,හො`දින්,සිසුනට ලබා දෙන්න. එහි දැක්වෙන එක් එක් කොටස් හො`දින් තහවුරු කරවන්න.
grade_10_western_music.md,1462,ළ`ගා,ගුණාත්මක බවින් පිරුණු වාදනයක් ඉදිරිපත් කිරීමට අවශ්‍ය ශක්තිය ළ`ගා
grade_10_western_music.md,1468,අතැ`ගිලි,අතැ`ගිලි නිවැරදි ව හැසිරවීම ද අත්‍යාවශ්‍ය ය.
grade_10_western_music.md,1504,බැ`දි,නිපුණතාව 3.0   :සංගීත රසාස්වාදයේ යෙදෙමින් ජීවිතයේ සතුට හා බැ`දි මානසික තත්ත්වයන්
grade_10_western_music.md,1505,ළ`ගා,ළ`ගා කර ගැනීමට හුරුවෙයි.
grade_10_western_music.md,1513,වි`දිමින්,ග්‍රැමෆෝන් ගී රස වි`දිමින් අගය කරයි.•
grade_10_western_music.md,1531,ග`ගුලේ,බැස සීතල ග`ගුලේ ශ්‍රී සෙත් සාදයි••
grade_10_western_music.md,1559,ගොඩනැ`ගූ,යුගයෙහි විස්තර ලියන ලද උපදෙස් පත්‍රිකා හෝ ඔබ විසින් ගොඩනැ`ගූ
grade_10_western_music.md,1587,බැ`දි,නිපුණතාව 3.0   :සංගීත රසාස්වාදයේ යෙදෙමින් ජීවිතයේ සතුට හා බැ`දි මානසික තත්ත්වයන්
grade_10_western_music.md,1588,ළ`ගා,ළ`ගා කර ගැනීමට හුරුවෙයි.
grade_10_western_music.md,1593,රසවි`දියි,තෝරා ගත් සරල ගී ඒවායේ අනන්‍ය ලක්‍ෂණ රකිමින් ගයා රසවි`දියි.•
grade_10_western_music.md,1675,බැ`දි,නිපුණතාව 3.0   :සංගීත රසාස්වාදයේ යෙදෙමින් ජීවිතයේ සතුට හා බැ`දි මානසික තත්ත්වයන්
grade_10_western_music.md,1676,ළ`ගා,ළ`ගා කර ගැනීමට හුරුවෙයි.
grade_10_western_music.md,1695,ගොඩන`ගා,පාඩම ගොඩන`ගා ගැනීමට ගුරුවරයා උත්සාහ ගත යුතු යි.
grade_10_western_music.md,1703,රවිකි`ක්,ගායනයේ දී වයලීනය යොදා ගත් අතර එහිදී එය ‘රවිකි`ක්‍ද්`ක්‍දා’ යන නමින්
grade_10_western_music.md,1703,ද්`ක්,ගායනයේ දී වයලීනය යොදා ගත් අතර එහිදී එය ‘රවිකි`ක්‍ද්`ක්‍දා’ යන නමින්
grade_10_western_music.md,1704,හැ`දින්වීය,හැ`දින්වීය. වයලීනයෙන් කපිරි`ක්‍ද්`ක්‍දා ගීතයක් වාදනය කර පෙන්වීම වඩාත්
grade_10_western_music.md,1704,කපිරි`ක්,හැ`දින්වීය. වයලීනයෙන් කපිරි`ක්‍ද්`ක්‍දා ගීතයක් වාදනය කර පෙන්වීම වඩාත්
grade_10_western_music.md,1704,ද්`ක්,හැ`දින්වීය. වයලීනයෙන් කපිරි`ක්‍ද්`ක්‍දා ගීතයක් වාදනය කර පෙන්වීම වඩාත්
grade_10_western_music.md,1750,හැ`දින්වීම,හැ`දින්වීම:ස්වර පුවරුවෙන් ස්වර ලිපි වාදනය කිරීමේ කුසලතාවය මේ වන විට ඔබ
grade_10_western_music.md,1803,ළ`ගා,ගුණාත්මක බවින් පිරුණු වාදනයක් ඉදිරිපත් කිරීමට අවශ්‍ය ශක්තිය ළ`ගා
grade_10_western_music.md,1842,ඇ`ගිල්ල,ස්වර මත ඒ ඒ මාත්‍රාවට ඇ`ගිල්ල තබමින් ගණින්න. වෙනත් තාලයක දී ද 6 4
grade_10_western_music.md,1852,හො`දින්,මෙසේ හො`දින්  පුහුණු වීමෙන් ප්‍රස්තාරය තුළ ස්වර ගමන් කරනු ලබන රටාව වටහා
grade_10_western_music.md,1855,හ`ඩින්,(මෙහි දී ස්වර ගායනා කිරීම නොව කතා කරන හ`ඩින් රිද්මයානුකූලව ස්වර කියවීම
grade_10_western_music.md,1884,හැ`දින්විය,"ගීත විශේෂයක් ලෙස සේ ගී හැ`දින්විය හැකි බවත්, උපමා, උපමේය ශබ්ද"
grade_10_western_music.md,1898,හො`දින්,සමුද්‍රඝෝෂ විරිතට අනුව ගැයෙන මෙම කවිය එහි භාව රිද්ම වඩාත් හො`දින්•
grade_10_western_music.md,1920,සුර`ගන,උදා: සුර රද සමන් සමගින් සුර`ගන එවර
grade_10_western_music.md,1942,හැ`දින්වීම,හැ`දින්වීම   :වෑත්තෑවේ හිමි විසින් ලියන ලද ගුත්තිල කාව්‍යයේ එන පැදි විවිධ විරිත්
grade_10_western_music.md,1948,දනමු`ඵ,සොළොස්මත් පැදිමන්මත් කරවන දනමු`ඵ දෙරණා•-
grade_10_western_music.md,1949,අ`දිනා,අටවිසිමත් පැදිරූ රැසේ අ`දිනා ලෙසේ අත්•-
grade_10_western_music.md,2076,ග`ගුලෙදි,තුන් සරණේ ගී - සීත ග`ගුලෙදි ඇඳ පේවෙනවා - සම්මා සම්බුදු වෙන•
grade_10_western_music.md,2243,වොරැ`දී,දුල් නිමල් සිසි සේ- ඉයුජින්නන් සිරින් වොරැ`දී- මනමේ
grade_10_western_music.md,2384,අතැ`ගිලි,නම් රූප සටහනක් මත අතැ`ගිලි හැසිරවීමට යොමු කරන්න.
grade_10_western_music.md,2390,දබරැ`ගිල්ලෙන්,දබරැ`ගිල්ලෙන්
grade_10_western_music.md,2394,වෙදැ`ගිල්ල,වෙදැ`ගිල්ල  එකවර
grade_10_western_music.md,2396,දබරැ`ගිල්ල,6 (දබරැ`ගිල්ල
grade_10_western_music.md,2398,දබරැ`ගිල්ලෙන්,2 දබරැ`ගිල්ලෙන්
grade_10_western_music.md,2399,දබරැ`ගිල්ලෙන්,3 දබරැ`ගිල්ලෙන්
grade_10_western_music.md,2439,හො`දින්,ගුරුවරයාට හො`දින් තබ්ලාව වාදනය කළ හැකි නම් එසේ අවශ්‍ය නොවේ.
grade_10_western_music.md,2495,ඇ`ගිල්ල,තිස්‍යාහි කොටසේ මැදට මහපට ඇ`ගිල්ල හා දබරැ`ගිල්ල හැර ඉතිරි ඇ`ගිලි තුනෙන්
grade_10_western_music.md,2495,දබරැ`ගිල්ල,තිස්‍යාහි කොටසේ මැදට මහපට ඇ`ගිල්ල හා දබරැ`ගිල්ල හැර ඉතිරි ඇ`ගිලි තුනෙන්
grade_10_western_music.md,2495,ඇ`ගිලි,තිස්‍යාහි කොටසේ මැදට මහපට ඇ`ගිල්ල හා දබරැ`ගිල්ල හැර ඉතිරි ඇ`ගිලි තුනෙන්
grade_10_western_music.md,2497,ඇ`ගිල්ලෙන්,ටස්‍යාහි කොටසේ හරි මැදට දබර ඇ`ගිල්ලෙන් පමණක් තැලීමෙන් උපදී.
grade_10_western_music.md,2499,හැ`දින්වේ,අනුව ‘‘ට’’ අක්ෂරයම ‘‘රි’’ අක්ෂරය ලෙස හැ`දින්වේ.
grade_10_western_music.md,2500,තුංදබරැ`ගිල්ලෙන්,තුංදබරැ`ගිල්ලෙන් ස්‍යාහි කොටසට විවෘතව තැළීමෙන් ‘‘තුං’’ අක්ෂරය උපදී.
grade_10_western_music.md,2501,දබරැ`ගිල්ලෙන්,නදායාවේ  චාන්ටි  කොටසට  දබරැ`ගිල්ලෙන්  තැළීමෙන්  ‘‘න’’  අක්ෂරය  උපදී.
grade_10_western_music.md,2502,වෙදැ`ගිල්ල,මෙහි දී වෙදැ`ගිල්ල ස්‍යාහි කොටසේ රඳවා තබා ගත යුතු ය.
grade_10_western_music.md,2503,දබරැ`ගිල්ලෙන්,ත‘‘න’’  අක්ෂරය  උපදින  ස්ථානයෙන්ම  දබරැ`ගිල්ලෙන්  තැළීමෙන්  ‘‘ත’’  අක්ෂරය
grade_10_western_music.md,2504,වෙදැ`ගිල්ල,උපදී. මෙහි දී ද වෙදැ`ගිල්ල ස්‍යාහි කොටසේ රඳවා තබා ගත යුතු ය.
grade_10_western_music.md,2509,ඇ`ගිලි,කබායාවේ මුහුණතට වම් අත ඇ`ගිලි සියල්ල දිග හැර අල්ල ද සමග එකවර වදින
grade_10_western_music.md,2515,මැදැ`ගිල්ල,ගවම් අතෙහි මැදැ`ගිල්ල හා දබරැ`ගිල්ල යන ඇ`ගිලි දෙකෙන් එකකින් ලවය කොටසට
grade_10_western_music.md,2515,දබරැ`ගිල්ල,ගවම් අතෙහි මැදැ`ගිල්ල හා දබරැ`ගිල්ල යන ඇ`ගිලි දෙකෙන් එකකින් ලවය කොටසට
grade_10_western_music.md,2515,ඇ`ගිලි,ගවම් අතෙහි මැදැ`ගිල්ල හා දබරැ`ගිල්ල යන ඇ`ගිලි දෙකෙන් එකකින් ලවය කොටසට
grade_10_western_music.md,2533,බැ`දි,නිපුණතාව 3.0   :සංගීත රසාස්වාදයේ යෙදෙමින් ජීවිතයේ සතුට හා බැ`දි මානසික තත්ත්වයන්
grade_10_western_music.md,2534,ළ`ගා,ළ`ගා කර ගැනීමට හුරුවෙයි.
grade_10_western_music.md,2536,වි`දියි,කරමින් ඔවුන්ගේ නිර්මාණ රස වි`දියි.
grade_10_western_music.md,2555,මහ`ගු,"කිරීමටත්, මෙම පාඩම 10 ශ්‍රේණියේ දරුවන්ට මහ`ගු පිටිවහලක් වනු ඇත."
grade_10_western_music.md,2597,ස`ගරාව,"හඬ ගුවන් විදුලි ස`ගරාව - 2013 ජනවාරි මාර්තු කලාපය - පිටු අංක 154,•"
grade_10_western_music.md,2655,ප`ඩිවරුන්,චෛව’’ ශ්ලෝකය ගයමින් පැරණි භාරතීය ප`ඩිවරුන් නාද ස්වර දක්වා
grade_10_western_music.md,2700,ස`ගරා,"ඇති ස`ගරා මගින් අන්තර්ජාලය තුළින්, විද්‍යුත් එන්සයික්ලෝපීඩියා මගින්,"
grade_10_western_music.md,2911,වි`දිමු,ගයා වයා වි`දිමු හින්දි චිත්‍රපට ගී
grade_10_western_music.md,2912,බැ`දි,නිපුණතාව 5.0   :ව්‍යවහාරික සංගීතය හා බැ`දි සංගීතාංග පිළිබඳ ව අත්දැකීම් ලබයි.
grade_10_western_music.md,2914,වි`දිමින්,"කරමින්, රස වි`දිමින් ගීත ගායනයේ යෙදෙයි."
grade_10_western_music.md,2920,වි`දීමට,රාගාශ්‍රිත සිනමා ගී ගායන වාදන රස වි`දීමට පෙළඹෙයි.•
grade_10_western_music.md,2973,අත්වි`දි,"ගායනයෙන් තමා අත්වි`දි හැ`ගීම් අනුසාරයෙන්, නිදහස් අදහස් ප්‍රකාශනයට•"
grade_10_western_music.md,2973,හැ`ගීම්,"ගායනයෙන් තමා අත්වි`දි හැ`ගීම් අනුසාරයෙන්, නිදහස් අදහස් ප්‍රකාශනයට•"
grade_10_western_music.md,2993,වි`දිමු,ගයා වයා වි`දිමු මව්පිය ගුණ වරුණ ගී
grade_10_western_music.md,3002,කඳු`ඵහෙළා,ගුණාත්මක යෙදවුම්:කඳු`ඵහෙළා නෑඹිලියට/ඉපදුණ දා මා හඬා වැටෙන්නැති/ගමට කලින් හිරු/•
grade_10_western_music.md,3014,කඳු`ඵ,කඳු`ඵ හෙළා නෑඹිලියට ගීතයත් යමන් රාගාශි්‍රතව නිර්මිත නැති බැරි
grade_10_western_music.md,3077,සු`ඵ,තනුව සරල හා සිත් ගන්නා සු`ඵ ආකාරයේ ගීයක් සිහියට නංවා ගැයීමට•
grade_10_western_music.md,3161,අ`දිනා,"” රූ රැසේ අ`දිනා ලෙසේ...” - සුසිල් ප්‍රේමරත්න, ෂෙල්ටන් ප්‍රේමරත්න"
grade_10_western_music.md,3233,ක`ඵලෑල්ලේ,ජප්තාල ගී පාදය විභාග නොබෙදා දක්වා (ප්‍රස්තාර නොකර) ක`ඵලෑල්ලේ•
grade_10_western_music.md,3237,ක`ඵලෑල්ලේ,දීප්චන්දි  ගී  පාදය  ද  විභාග  නොබෙදා  (ප්‍රස්තාර  නොකර)  ක`ඵලෑල්ලේ•
grade_10_western_music.md,3520,ම`ගින්,පරිගණකය භාවිත කිරීම ම`ගින් බාහිරින් ඇතුල් කරන  තැටියක ඇති•CD
grade_10_western_music.md,3590,ම`ගින්,ස්ථාපන කරන ලද මෘදුකාංග ම`ගින් ද ඉතා පහසුවෙන් ඉහත කාර්ය
grade_10_western_music.md,3597,ම`ගපෙන්විම,මෙය පරිගණක පාඩම සඳහා ආදර්ශයක් පමණි. අදාළ ම`ගපෙන්විම අනුව පරිගණක භාවිත
grade_10_western_music.md,3602,සිය`ඵ,පියවර 02හැඳින්වීමේ කොටසේ දී ඇති අංක 1 සිට සිය`ඵ ක්‍රියාකාරකම්වල සිසුන්•
grade_10_western_music.md,3603,සම`ග,සම`ග යෙදෙන්න.
grade_10_western_music.md,3631,එම`ගින්,එම`ගින් සංගීතයට අදාළ කරුණු ඉගෙනීමෙන් තෘප්තිමත් වෙයි.•
grade_10_western_music.md,3633,ගැට`ඵවක්,තමාට විෂය කරුණු ඉගෙනුම පිළිබඳ ගැට`ඵවක් මතු වූ අවස්ථාවක ඊට•
grade_10_western_music.md,3636,ඉ`ගි,ඉ`ගි සඳහන් කරන ලද අත් පත්‍රිකා කීපයක්.•
grade_10_western_music.md,3640,මු`ඵල්ලේ,මු`ඵල්ලේ ම පරිගණකය ඉදිරිපිට සිට නැරඹුවත්  යේ ඇති වීඩියෝYou Tube
grade_10_western_music.md,3651,ඉ`ගිය,දක්නට  ඇත.  එය  මත  තමාට  සෙවීමට  අවශ්‍ය  වීඩියෝවේ  ඉ`ගිය
grade_10_western_music.md,3674,සම`ග,පියවර  01ලෝකයේ තොරතුරු ගවේෂණ මාධ්‍යයන් පිළිබඳ සිසුන් සම`ග සාකච්ඡා•
grade_10_western_music.md,3678,සම`ග,සිසුන් සම`ග සාකච්ඡා කරන්න.
grade_10_western_music.md,3682,සම`ග,පිවිසීම යන ස්ථානයේ සිට සඳහන් ක්‍රියාකාරකම් කරන්න.) (ළමුන් සම`ග
grade_10_western_music.md,3684,ඉ`ගි,පියවර 02සිසුන් කණ්ඩායම් කර මුලින් සකස් කරගත් ඉ`ගි පත්‍රිකා එක බැගින් බෙදා•
grade_10_western_music.md,3686,ඉ`ගිවලට,වෙත පිවිස එම ඉ`ගිවලට අදාළ තොරතුරු ගවේෂණයට උපදෙස්• you tube
grade_10_western_music.md,3689,ඉ`ගි,පරිගණක 4 ක් හෝ ලබා දී අදාළ ඉ`ගි සෙවීමෙහි පොළඹවන්න.
grade_10_western_music.md,3690,ඉ`ගියක්,සොයාගත්  තොරතුරු  එක්  ඉ`ගියක්  එක්  සිසුවෙකුට  බැගින්  වෙන්  වෙන්  ව•
grade_10_western_music.md,3696,සම`ග,සිසුන් සම`ග සකච්ඡා කරන්න.
grade_10_western_music.md,3717,ඉ`ගි,ඉ`ගි පත්‍රිකා
grade_10_western_music.md,3738,ළ`ගාකර,ළ`ගාකර ගැනීමට හුරුවෙයි.
grade_10_western_music.md,3762,ම`ගින්,"ගායනයෙන් හෝ කැසට්, සී. ඞී. යන්ත්‍ර ම`ගින් ගීත ශ්‍රවණයට සලස්වන්න.•"
grade_10_western_music.md,3763,සම`ග,ශ්‍රවණය කරන ගීතය ළමුන් සම`ග එක් ව ගයන්න.•
grade_10_western_music.md,3802,ළ`ගාකර,ළ`ගාකර ගැනීමට හුරුවෙයි.
grade_10_western_music.md,3876,ළ`ගාකර,ළ`ගාකර ගැනීමට හුරුවෙයි.
grade_10_western_music.md,3880,රසවි`දීමට,ඉගෙනුම්  පල  :ජග්ජිත් සිං. රහුමාන් යන සංගීතඥයින් ගේ නිර්මාණ රසවි`දීමට කැමැත්ත•
grade_10_western_music.md,3969,ර`ග,ලෙස කණ්ඩායම් වශයෙන්  හෝ ඒකල ව වේදිකාවේ ර`ග දැක්වීමට
grade_11_music_textbook.md,244,ක`ඵතර,"ඊ. ඒ. ප්‍රේමසිරිගුරු උපදේශක, කලාප අධ්‍යාපන කාර්යාලය, ක`ඵතර."
grade_11_music_textbook.md,301,හැ`දින්වීම,හැ`දින්වීමv-vi
grade_11_music_textbook.md,361,`දිපෙරදි,`දිපෙරදි
grade_11_music_textbook.md,467,මාජීළ`ගා,න/ මාජීළ`ගා
grade_11_music_textbook.md,510,සහ`දියිංග,සහ`දියිංග
grade_11_music_textbook.md,521,වි`දියා,වි`දියා
grade_11_music_textbook.md,535,යි`දිමියිමිනලාං,යි`දිමියිමිනලාං
grade_11_music_textbook.md,628,රසවි`දි,සංගීතෙගය. රසවි`දි
grade_11_music_textbook.md,1224,වි`දියි,ගායනය කරයි රස වි`දියි.
grade_11_music_textbook.md,1253,`,ගන්නා සහ පටිගත කළ සංගීතයy `ÿk d . k sñ k a i xi k aok d; au l
grade_11_music_textbook.md,1309,ළ`ගාවන,"විවිධ ශිල්ප ක්‍රම යොදා ගනිමින් සම් එකට ළ`ගාවන අයුරු උදාහරණ"""""
grade_11_music_textbook.md,1553,ළ`ගා,වෘත්තීය වාදකයෙකුට අවශ්‍ය මූලික අඩිතාලම ළ`ගා කර ගනියි.•
grade_11_music_textbook.md,1617,ළ`ගා,වෘත්තීය වාදකයෙකු ට අවශ්‍ය මූලික අඩිතාලම ළ`ගා කරගනියි.•
grade_11_music_textbook.md,1760,ළ`ගා,ළ`ගා කර ගැනීමට හුරුවෙයි.
grade_11_music_textbook.md,1763,වි`දියි,කි්‍රයාකාරකම   : රාගාශි්‍රත සරල ගී රස වි`දියි.
grade_11_music_textbook.md,1767,වි`දියි,රාගාශි්‍රත සරල ගීතය ගායනා කරමින් රස වි`දියි.•
grade_11_music_textbook.md,1808,සම`ග,සම`ග තැටියක් පිළියෙල කරන්න.CD
grade_11_music_textbook.md,1821,න`ථ,කි්‍රයාකාරකම   : පහතරට සිංදු වන්නම් - න`ථ ගීතිකා තාලය
grade_11_music_textbook.md,1884,සර්ව`ඥ,සර්ව`ඥ පණ්ඩිත
grade_11_music_textbook.md,1923,`,නිපුණතාව 3.0   :i x. S;  r i di aj dof h a f h f oñ k a Ôú ; f h a i ; =g  y d n e`È u dk i sl  ; ; aj h k a
grade_11_music_textbook.md,1924,`,< `. dl r  . ek Su g  y qr ef j h s'
grade_11_music_textbook.md,1957,සම`ග,වාදන හැකියා ඇති සිසුන් වාදනය සම`ග හවුල් කරගෙන ගීතය සිසුන් සමග•
grade_11_music_textbook.md,1984,ප`ඩිතුමා,ප`ඩිතුමා   :ඔන්න  සුදනනේ  අසනුය  බින්න  නැත      අනේ
grade_11_music_textbook.md,1988,ප`ඩිතුමා,ප`ඩිතුමා   :ඔන්න  සුදනනේ........
grade_11_music_textbook.md,1993,ප`ඩිතුමා,ප`ඩිතුමා   :ඔන්න  සුදනනේ........
grade_11_music_textbook.md,2005,ජැංඩිසිංෙ`ක්,දුවන ගිරියක් තල්ලු කරගෙන වම් පසින් ඇතුළුවෙන රෝස නෝනා සහ ජැංඩිසිංෙ`ක්‍දා් සබාවෙන්
grade_11_music_textbook.md,2017,සො`දින්,රෝසනෝනා   :සො`දින් මසන් ගස් හන්දියෙ නෙයින උන්නු ගෙයි විස්තර
grade_11_music_textbook.md,2030,අ`දින්ට,ඉක්මන් කර කම්බ සරොන් පට ලේන්සු දී අ`දින්ට
grade_11_music_textbook.md,2047,එ`ථවෙක්,ගොනෙක් වගේ එ`ථවෙක් විත් පැන්නයි මැතිඳුට අනින්ට
grade_11_music_textbook.md,2048,එ`ථව,බාසෙන් කිව්වා නෙයිනා එ`ථව ගියා දුන්න අනට
grade_11_music_textbook.md,2061,එ`ථව,ඔන්න එවිට ආව එ`ථව පැනගෙන මැතිඳුට අනින්ට
grade_11_music_textbook.md,2062,එ`ථවාගෙන්,රෝසනෝනා   :කාගෙන් බේරුනත් බැරිය එ`ථවාගෙන් මාරු වෙන්ට
grade_11_music_textbook.md,2090,ළ`ගා,මානසික තත්වයන් ළ`ගා කරගැනීමට හුරුවෙයි.
grade_11_music_textbook.md,2107,සංගීත`ඥයින්,"ගුණාත්මක යෙදවුම්  :මොසාර්ට්, බීතෝවන් යන සංගීත`ඥයින් පිළිබඳ තොරතුරු ඇතුළත්•"
grade_11_music_textbook.md,2110,සංගීත`ඥයින්,"එම සංගීත`ඥයින් විසින් නිර්මාණය කරන ලද සංධ්වනි කිහිපයක •CD,"
grade_11_music_textbook.md,2129,වි`දීමට,සංධ්වනිි ඇතුළත් තැටියක් සිසුන්ට ශ්‍රවණය කර රස වි`දීමට අවස්ථාවCD
grade_11_music_textbook.md,2180,සංගීත`ඥයා,යානි සංගීත`ඥයා
grade_11_music_textbook.md,2182,ළ`ගා,ළ`ගා කර ගැනීමට හුරුවෙයි.
grade_11_music_textbook.md,2187,වි`දියි,ඉගෙනුම් පල:වත්මන් ජනපි්‍රය සංගීත කෘති රස වි`දියි.•
grade_11_music_textbook.md,2188,රසවි`දියි,නූතන ලෝකයේ ප්‍රසිද්ධ යානි නම් සංගීතඥයාගේ නිර්මාණ රසවි`දියි.•
grade_11_music_textbook.md,2199,හැ`දින්වීමක්,සංගීතඥයා පිළිබඳ කෙටි හැ`දින්වීමක් ප්‍රමාණවත් නොවන අතර නිදහස්
grade_11_music_textbook.md,2224,සංගීත`ඥයාගේ,යානි සංගීත`ඥයාගේ නිර්මාණයන්හි තමන් රස වි`දි කොටස් පිළිබඳව•
grade_11_music_textbook.md,2224,වි`දි,යානි සංගීත`ඥයාගේ නිර්මාණයන්හි තමන් රස වි`දි කොටස් පිළිබඳව•
grade_11_music_textbook.md,2228,සංගීත`ඥයාගේ,පැවරුමඅන්තර්ජාලය  මගින්  යානි  සංගීත`ඥයාගේ  වෙනත්  නිර්මාණ  හා  ඔහුගේ
grade_11_music_textbook.md,2478,හැ`දින්විය,අපේක්‍ෂිත ය. යනු සුසංගත වීම වශයෙන් හැ`දින්විය හැකි ය.Harmony
grade_11_music_textbook.md,2537,හැ`දින්වේ,හැ`දින්වේ.)
grade_11_music_textbook.md,2575,මකුලො`ථව,ස්වර සුසංගත කිරීම වඩාත් රසවත් බව ඩබ්ලිව්. බී. මකුලො`ථව ශූරීන්ගේ
grade_11_music_textbook.md,2801,බැ`දි,නිපුණතාව 6.0   : සරල සංගීතය හා බැ`දි සංගීතාංග පිළිබඳ අත්දැකීම් ලබයි.
grade_11_music_textbook.md,2867,න`ථ,"කරන්න. (කථා සාරය, තේමා වාදනය පිළිබඳ, න`ථ නිළියන්, පරිසරය, ආදිය"
grade_11_music_textbook.md,2965,ග`ගකතාාද,ග`ගකතාාද ැරුචි තුළත්  මේ
grade_11_music_textbook.md,3091,රසවි``දියි,මා පිය ගුණවරුණ ඇතුළත් ගීත රසවි``දියි
grade_11_music_textbook.md,3093,වි`දියි,නිපුණතා මට්ටම    :මව්පිය ගුණවරුණ සඳහන් ගීත ගායනය කරයි. රස වි`දියි.
grade_11_music_textbook.md,3094,රසවි``දියි,ක්‍රියාකරකම  :මා පිය ගුණවරුණ ඇතුළත් ගීත රසවි``දියි
grade_11_music_textbook.md,3159,හැ`දින්වීමේදී,"චරිත  හැ`දින්වීමේදී  කොළපතකින්  සාදා  ගත්  වෙස්  මුහුණද,  උපයෝගි•"
grade_11_music_textbook.md,3565,තර`ගකාරිත්වය,"අද ලෝකය පුරා ව්‍යාප්ත වන තාක්‍ෂණික තර`ගකාරිත්වය තුළ සංගීතය පටිගත කිරීම,"
grade_11_music_textbook.md,3624,සම`ග,ගුණාත්මක යෙදවුම්:  පරිගණකයක්  (සම`ග) මෘදුකාංග තැටි  කිහිපයක ඡායාරූප•speakers
grade_11_music_textbook.md,3676,හැ`දින්වේ,සැකසීම  යනුවෙන් හැ`දින්වේ. සැබෑ සංගීත භාණ්ඩයෙන් නිකුත් වන හඬම නිසාSample sound fonts
grade_11_music_textbook.md,3681,සම`ගයි,"සම`ගයි. ආදී වශයෙන් විශාලPiano Refils, Sonc Refils, Hollwood drum groov Loops Refils"
grade_11_music_textbook.md,3707,හැ`දින්වේ,භාණ්ඩයක් වශයෙන් වෙන් වෙන්ව පටිගත කිරීම යනුවෙන් හැ`දින්වේ. තවMulti Track  Recording
grade_11_music_textbook.md,3742,ඇතු`ථ,එක ඇතු`ථ කොට කොටුවට පිවිසෙන්න. Link Adress google Search How
grade_11_music_textbook.md,3836,ර`ග,ලෙස  කණ්ඩායම් වශයෙන්  හෝ ඒකලව වේදිකාවේ ර`ග දැක්වීමට
grade_11_raga_identification.md,16,`,> Text was extracted from the PDF text layer with `pdftotext -layout`. OCR was not used.
grade_11_raga_identification.md,16,`,> Text was extracted from the PDF text layer with `pdftotext -layout`. OCR was not used.
grade_6_music_teacher_guide.md,220,ක`ඵතර,"ඊ. ඒ. ප්‍රේමසිරිගුරු උපදේශක, කලාප අධ්‍යාපන කාර්යාලය, ක`ඵතර"
grade_6_music_teacher_guide.md,268,ගොඩනැ`ගුණු,බව හා නවතාවයන් පිළිබඳ ව හඳුනාගැනීමට ගුරුවරයාට සහාය කරගැනීමට හැකිවන සේ ගොඩනැ`ගුණු
grade_6_music_teacher_guide.md,293,හැ`දින්වීම,හැ`දින්වීමv-vi
grade_6_music_teacher_guide.md,348,හ`ඩින්,"3.1 ගීත රසාස්වාදයේ යෙදෙයි.•අභිමානාත්මක හ`ඩින්, හැ`ගීමෙන් හා1"
grade_6_music_teacher_guide.md,348,හැ`ගීමෙන්,"3.1 ගීත රසාස්වාදයේ යෙදෙයි.•අභිමානාත්මක හ`ඩින්, හැ`ගීමෙන් හා1"
grade_6_music_teacher_guide.md,353,ළ`ගා,තත්ත්වයන් ළ`ගා කර
grade_6_music_teacher_guide.md,363,සංගීතාංගඑ`ඵවන්,4.0 දේශීය ජන සංගීතාංගඑ`ඵවන් කෑමේ ක්‍රීඩාවේ ගී
grade_6_music_teacher_guide.md,371,එ`ඵවන්,"සාකච්ඡා කරයි.එ`ඵවන් කෑම, මේවර කෙළිය කළගෙඩි•"
grade_6_music_teacher_guide.md,409,සම`ග,04සම`ග රංගනය
grade_6_music_teacher_guide.md,418,සම`ග,රංගනයේ යෙදෙයි.ලක්ෂණ පිළිබඳ6.2නූර්ති ගීත ගායනය සම`ග
grade_6_music_teacher_guide.md,514,හො`දින්,ඉගෙනුම් පල: x ගායනයේ දී හො`දින් හුස්ම හැසිරවීමට හුරු වෙයි.
grade_6_music_teacher_guide.md,534,පෙනහ`ඵ,පේශීි ලිහිල් කර පෙනහ`ඵ තුළට වාතය ගලා ඒමට සැලැස්විය යුතු ය.  එවිට
grade_6_music_teacher_guide.md,535,පෙනහ`ඵ,කුස පිරී පිම්බී යා යුතු ය. මෙසේ වන්නේ  අප පෙනහ`ඵ වෙත ගන්නා
grade_6_music_teacher_guide.md,536,පෙනහ`ඵවල,වාතයේ පීඩනය පෙනහ`ඵවල පහළ කොටස ඩයෆ්‍රම්(ෘස්රේප) වෙත යොමු
grade_6_music_teacher_guide.md,540,පෙනහ`ඵ,x පෙනහ`ඵ තුළ තිබෙන වාතය මුඛයෙන් ෂ් .......... හඬ නිකුත් කරමින් පිට
grade_6_music_teacher_guide.md,545,පෙනහ`ඵ,(එවිට පෙනහ`ඵ වෙත වාතය ගලා එනු ඇත. මෙම ක්‍රියාවලිය
grade_6_music_teacher_guide.md,547,හො`දින්,x මේ ආකාරයට ආශ්වාස ප්‍රශ්වාස  කිරීමට හො`දින් පුහුණු වන්න.  ඉදිරි
grade_6_music_teacher_guide.md,554,ම`ග,x වැඩිදුර ම`ග පෙන්වීම හා අභ්‍යාස අතිරේක කියවීම් පොතේ යොදා ඇත.
grade_6_music_teacher_guide.md,589,සුළ`ග,ගොටු කොළයක් ගෙන දිවට සහ තල්ලට තබා තදකර ඒ අතරින් වැරෙන් සුළ`ග පිට කරන්න.
grade_6_music_teacher_guide.md,602,සුළ`ග,x සුළ`ග
grade_6_music_teacher_guide.md,843,කුරු`ඵ,2. ගී ගයන මේ කුරු`ඵ යාලුවන් හා - ‘‘ ස ’’ සිට ‘‘ රි ’’ දක්වා
grade_6_music_teacher_guide.md,948,සම`ග,ඔවුන් සම`ග සාකච්ඡා කරන්න.  ස්වර අෂ්ඨකය වාදනයට හුරුකරවන්න.
grade_6_music_teacher_guide.md,960,හො`දින්,වඩාත් හො`දින් වයන කණ්ඩායම හෝ සිසුන් තෝරා ඉදිරියට කැඳවා  වාදනය
grade_6_music_teacher_guide.md,1120,හැ`දිනගැනීමට,x අනෙකුත් වාද්‍ය භාණ්ඩ පිළිබඳ ව හැ`දිනගැනීමට ඇල්මක් දක්වයි.
grade_6_music_teacher_guide.md,1121,හැ`දින්වීම්,ගුණාත්මක යෙදවුම්: x භාණ්ඩ පිළිබඳ පිටපත් කරගන්නා ලද හැ`දින්වීම් පත්‍රිකා
grade_6_music_teacher_guide.md,1130,හැ`දින්වීම්,සියල්ලට පින්තූර සහිත ව කෙටි හැ`දින්වීම් පත්‍රිකා ලබා දී ඒ තුළින් ස්වයං
grade_6_music_teacher_guide.md,1132,හැ`දින්වීම්,හැ`දින්වීම් පත්‍රිකා සෑම දරුවකුට ම ලබා දීම අපේක්ෂා නොකෙරේ.     තමන්
grade_6_music_teacher_guide.md,1133,හැ`දින්වීම්,තෝරාගත් භාණ්ඩයට අදාළ හැ`දින්වීම් පත්‍රිකාව පමණක් අධ්‍යයනයට යොමු
grade_6_music_teacher_guide.md,1135,හැ`දින්වීම්,"සැලසෙන සේ හැ`දින්වීම් පති්‍රකා පිටපත් කොට ලබා දෙන්න. සන්තූර්,"
grade_6_music_teacher_guide.md,1153,ස`ගරා,"පසු අභ්‍යාස :පුවත් පත් ස`ගරා, ග්‍රන්ථ ඇසුරින් සංගීත භාණ්ඩ පිළිබඳ අධ්‍යයනයට"
grade_6_music_teacher_guide.md,1163,සුළෙ`ග්,xමෙය සුළෙ`ග් ආධාරයෙන් නාදය උපදින එනම් සුෂිර වාද්‍ය භාණ්ඩ ගණයට අයත්
grade_6_music_teacher_guide.md,1167,අතැ`ගිලි,6 අතැ`ගිලි තැබීම සඳහා ද යොදා ගනී.
grade_6_music_teacher_guide.md,1168,මාපටැ`ගිලි,"xදෑතෙහි, මාපටැ`ගිලි දෙකත් සුළැ`ගිලි 2ත් හැර ඉතිරි ඇ`ගිලි 6 වාදනයේ දී සිදුරු ඇරීම"
grade_6_music_teacher_guide.md,1168,සුළැ`ගිලි,"xදෑතෙහි, මාපටැ`ගිලි දෙකත් සුළැ`ගිලි 2ත් හැර ඉතිරි ඇ`ගිලි 6 වාදනයේ දී සිදුරු ඇරීම"
grade_6_music_teacher_guide.md,1168,ඇ`ගිලි,"xදෑතෙහි, මාපටැ`ගිලි දෙකත් සුළැ`ගිලි 2ත් හැර ඉතිරි ඇ`ගිලි 6 වාදනයේ දී සිදුරු ඇරීම"
grade_6_music_teacher_guide.md,1180,සුළෙ`ග්,x මෙය සුළෙ`ග් ආධාරයෙන් නාදය උපදින වාද්‍ය භාණ්ඩයකි. ස්වර පුවරු භාණ්ඩ වර්ගයට
grade_6_music_teacher_guide.md,1183,සුළ`ග,x  සුළ`ග යෙදීමේ ආකාරය අනුව හෑන්ඩ්බැලෝ - ෆුට් බැලෝ ලෙස ව්‍යවහාර කෙරේ.
grade_6_music_teacher_guide.md,1229,හෙ`ඩ්,x මෙහි භාවිත වන අනුනාද (තරෆ්) තත් නිසා හෙ`ඩ් මිහිරි බව වැඩි ය.
grade_6_music_teacher_guide.md,1244,බ`දින,"x දිල්රුබාවේ හරස් අතට බ`දින ලද ලෝහ යතුරු (පර්දා) 18 ක් ඇති අතර, එමගින් අදාළ ස්වර"
grade_6_music_teacher_guide.md,1247,ඇ`ගිලි,ඇ`ගිලි තෙරපීමෙන් ද වාදනය කරනු ලබයි.
grade_6_music_teacher_guide.md,1259,ඇ`ගිලි,හැඳින්වේ. ඇ`ගිලි ඒවා මත තැබීමෙන් ස්වර උත්පාදනය කෙරේ.
grade_6_music_teacher_guide.md,1283,වි`දිමු,ගයා වයා වි`දිමු ළමා ගී
grade_6_music_teacher_guide.md,1290,වි`දියි,x ළමා ගී රස වි`දියි.
grade_6_music_teacher_guide.md,1302,සිතැ`ගි,ශ්‍රව්‍ය මාධ්‍යගත ළමා ගී තුළින් සිය සිතැ`ගි  අනුව චිත්ත රූප මවා
grade_6_music_teacher_guide.md,1371,ප`ඩිඳුන්,"පුතා- මහ ප`ඩිඳුන් ගැන, මහ කිවිඳුන් ගැන, කතා අහනකොට අම්මේ"
grade_6_music_teacher_guide.md,1373,ප`ඩිවරුනට,"අම්මා- මහ ප`ඩිවරුනට, මහ කවිවරුනට, තෝතැනි වූ ලක් දීපේ"
grade_6_music_teacher_guide.md,1375,ගොප`ඵ,පුතා- හේන් කුඹුරු ගැන ගොප`ඵ ලියන් ගැන කතා අහනකොට අම්මේ
grade_6_music_teacher_guide.md,1447,ළ`ගා,ළ`ගා කරගැනීමට හුරු වෙයි.
grade_6_music_teacher_guide.md,1468,හැ`ගීමක්,පිළිබඳ හැ`ගීමක් හා අභිමානයක් ඇති කිරීම ඉතා වැදගත් ය.
grade_6_music_teacher_guide.md,1496,හැ`ගීමෙන්,x ඉතා නිවැරදි ව හා හැ`ගීමෙන් යුතු ඉරියව්වෙන් ගායනය කරන
grade_6_music_teacher_guide.md,1512,ළ`ගා,ළ`ගා කරගැනීමට හුරු වෙයි.
grade_6_music_teacher_guide.md,1541,හැ`ගීම්බර,"x ගුරුවරයා වාද්‍ය භාණ්ඩය සමග ජාතික ගීය අභිමානවත් ව, හැ`ගීම්බර ව"
grade_6_music_teacher_guide.md,1660,න`ඵ,හැඳින්විය හැකි බවත් න`ඵ නිළියන් විසින් ම  ගීත ගායනය කරමින් රංගනයේ
grade_6_music_teacher_guide.md,1987,ස`ගරා,"x පොත් පත්, පුවත්පත්, ස`ගරා ආදියෙහි එන වාදන ඉරියව් සඳහන් ව ඇති"
grade_6_music_teacher_guide.md,2044,සුළෙ`ග්,x සුළෙ`ග් පාලනය මගින් සුෂිර භාණ්ඩවල හඬ උපදවන ආකාරය  පිළිබඳ
grade_6_music_teacher_guide.md,2164,ළ`ගට,ගුරුවරයා සතුවිය යුතු යි. සිසුන් ළ`ගට ගොස් ඔවුන් මෙම අභ්‍යාසවල
grade_6_music_teacher_guide.md,2178,අතැ`ගිලි,"x නිවැරදි ඉරියව්වල සිටිමින්, නිවැරදි ව අතැ`ගිලි  හසුරුවමින් සරිගම"
grade_6_music_teacher_guide.md,2208,දබර`ගිල්ලෙන්,වමතේ දබර`ගිල්ලෙන් රූප සටහනේ  අංක 01 දරණ සිදුර වැසීමට
grade_6_music_teacher_guide.md,2337,ළ`ගට,x මෙහි දී ගුරුවරයා සිසුන් ළ`ගට ගොස්  ඔවුන්ගේ හස්ත සාධනය
grade_6_music_teacher_guide.md,2437,එ`ඵවා,දෙනවද එ`ඵවා
grade_6_music_teacher_guide.md,2461,සම`ග,x එළුවන් කෑමේ ක්‍රීඩාවේ නියැලෙන අයුරු සිසුන් සම`ග සාකච්ඡා කරන්න.
grade_6_music_teacher_guide.md,2516,ගොඩනැ`ගී,ගොඩනැ`ගී ඇති ගීත විමසුමට ලක් කරන්න.
grade_6_music_teacher_guide.md,2540,පිළිබ`ඳ,පිළිබ`ඳ කෙටි විමසුමක් කරන්න.
grade_6_music_teacher_guide.md,2609,සම`ග,x රංගනයත් සම`ග ගීත ගායනයට අවස්ථාව ලබාදෙන්න.
grade_6_music_teacher_guide.md,2670,එ`ඵවන්,"(උදා: එ`ඵවන් කෑම, මේවරකෙළිය, ඔළිඳකෙළිය)"
grade_6_music_teacher_guide.md,2799,ගොඩනැ`ගුණු,නිපුණතා මට්ටම 4.1 : ඇදහිලි හා විශ්වාස මත ගොඩනැ`ගුණු ගී පිළිබඳ අත්දැකීම් ලබයි.
grade_6_music_teacher_guide.md,2810,ගොඩනැ`ගුණු,කරගනිමින්  ගොඩනැ`ගුණු ගී අතුරින් එක් ගීත  විශේෂයක් ලෙස තුන්
grade_6_music_teacher_guide.md,2820,ග`ගුලෙ,x සීත ග`ගුලෙ දී ඇඳ පේවෙනවා
grade_6_music_teacher_guide.md,2852,සම`ග,x රංගනය සම`ග වඩාත් භාවාත්මක ව හා නිවැරදි ව ගායනය කළ
grade_6_music_teacher_guide.md,3021,ම`ග,ම`ග පෙන්වීම තුළින් අනාගතයේ දී ඔවුන්ට ස්වාධීන ව සංගීත භාණ්ඩ
grade_6_music_teacher_guide.md,3108,අ`ගල්,(අ`ගල් 9 ක් 8 ක් සහ 6 ක් වශයෙන්) හෝ
grade_6_music_teacher_guide.md,3109,අ`ගලක්,x අ`ගලක් පළල ඇලුමිනියම් පටි  කැබලි 3 ක්.
grade_6_music_teacher_guide.md,3110,අ`ගල්,(අ`ගල් 9 ක් 8 ක් සහ 6 ක් වශයෙන්) හෝ
grade_6_music_teacher_guide.md,3111,අ`ගල්,"x අ`ගල් දෙකක් පළල ඝනත්වයෙන් වැඩි බුරුත, පලු, හල්මිල්ල වැනි ලී කැබලි 3 ක්."
grade_6_music_teacher_guide.md,3112,අ`ගල්,(අ`ගල් 9 ක් 8 ක් සහ 6 ක් වශයෙන්) හෝ
grade_6_music_teacher_guide.md,3114,අ`ගල්,"x අ`ගල් 1 යකඩ ඇණ කිහිපයක්, මිටියක්"
grade_6_music_teacher_guide.md,3118,අ`ගල්,බලන්න.  මන්ද්‍ර ස්වරයක් නම් දිග ටිකක් කපා (අ`ගල් භාගයක් පමණ) කෙටි කර නැවත හඬ
grade_6_music_teacher_guide.md,3131,පො`ගවන,x පො`ගවන ලද කඩදාසි කැබලි
grade_6_music_teacher_guide.md,3135,පො`ගවන,x එක් පැත්තකට  පො`ගවන ලද කඩදාසි  කැබැල්ලක් සිරකර  පිඹ බලන්න.  නිකුත් වන
grade_6_music_teacher_guide.md,3177,අ`ගල්,x අ`ගල් 2 විශ්කම්භය ඇති එස්ලෝන් බට කැබලි  3 ක් (අඩි 3 ක් 2.5 ක් සහ 2 ක් වශයෙන්)
grade_6_music_teacher_guide.md,3184,අ`ගල්,සොයා බලන්න. මන්ද්‍ර ස්වරයක් නම් දිග මඳක් කපා (අ`ගල් භාගයක් පමණ) කෙටි කර
grade_6_music_teacher_guide.md,3255,ගොඩනැ`ගූ,පහත අන්දමට ගොඩනැ`ගූ ස්වර රටා ගායනය කරවමින් ස රි ග ස්වර තුන ශ්‍රවණයට සැලැස්වීම.b)
grade_6_music_teacher_guide.md,3675,මු`ඵ,ගී පාදයේ මාත්‍රා සංඛ්‍යාව (මු`ඵ) 18 කි
grade_6_music_teacher_guide.md,3679,සම`ග,හැඳින්වේ.මේවා ගුරු අක්ෂරයක් සම`ග හල් අක්ෂරයක් යෙදීමෙන් උපදී. අඩ වෘත්තයට
grade_6_music_teacher_guide.md,3841,්ර`ග,"්ර`ග දැක්වීමට සුදුසු ගායන, වාදන, නාට්‍ය, අංග කණ්ඩායම් වශයෙන"
grade_7_11_oriental_music_teacher_guide.md,69,ළ`ගාවීම,පුද්ගලයාට හා සමාජයට අදාළ වන ප්‍රධාන ජාතික අරමුණු කර ළ`ගාවීම සඳහා පුද්ගලයින්ට
grade_7_11_oriental_music_teacher_guide.md,73,ළ``ගාකර,දුර්වලතා නිසා ධරණීය මානව සංවර්ධන සංකල්ප රාමුව ඇතුළත අධ්‍යාපනය තුළින් ළ``ගාකර ගත
grade_7_11_oriental_music_teacher_guide.md,82,බැ`දීමකින්,"මානව අයිතිවාසිකම් ගරු කිරීම, යුතුකම් හා වගකීම් පිළිබඳ දැනුවත් වීම, හෘදයාංගම බැ`දීමකින්III"
grade_7_11_oriental_music_teacher_guide.md,124,හැ`ගීමෙන්,"නිරාකරණය කිරීම, විචාරශීලී හා විග්‍රහාත්මක චින්තනය, කණ්ඩායම් හැ`ගීමෙන් කටයුතු"
grade_7_11_oriental_music_teacher_guide.md,134,හැ`ගීම,"සාධාරණ යුක්තිය පිළිබඳ හැ`ගීම, සමාජ සම්බන්ධතා,"
grade_7_11_oriental_music_teacher_guide.md,136,බැ`දීම්,"අයිතිවාසිකම්, වගකීම්, යුතුකම් සහ බැ`දීම්"
grade_7_11_oriental_music_teacher_guide.md,250,ල`ගා,ඔවුන් ල`ගා කරගත් ප්‍රවීණතා මට්ටම් නිශ්චය කරමින් හා විශ්ලේෂණය කරමින් ඇගයීම ක්‍රියාත්මක
grade_7_11_oriental_music_teacher_guide.md,281,ම`ගින්,2.0 වාද්‍ය භාණ්ඩයන්හි2.1  වාදනයේ මූලික  හැකියාග නි සහ ශුද්ධ ස්වර ඇතුළත්1. ස්වර වාi භාණ්ඩ ම`ගින් වාදන හුරුව24
grade_7_11_oriental_music_teacher_guide.md,283,ම`ගින්,වාදන හැකියා ප්‍රදර්ශනයස්වර පුවරුව ම`ගින් ළමා ගීත•
grade_7_11_oriental_music_teacher_guide.md,305,ළ`ගා,තත්ත්වයන් ළ`ගා කර
grade_7_11_oriental_music_teacher_guide.md,378,වි`දියි,නූර්ති ගී ගායනය කරයි. ප්‍රචලිත නූර්ති  ගී ගයමින් රස වි`දියි.
grade_7_11_oriental_music_teacher_guide.md,514,ම`ගින්,2.1 වාදනයේ මූලික හැකියා වර්ධනය කරස්වර පුවරුව ම`ගින් කෝමල ගනි ස්වර02
grade_7_11_oriental_music_teacher_guide.md,519,ම`ගින්,ස්වරවාද්‍ය භාණ්ඩ ම`ගින් කෝමල ග නි
grade_7_11_oriental_music_teacher_guide.md,605,ම`ගින්,ස්වරවාද්‍ය භාණ්ඩ ම`ගින් විවිධ ස්වර
grade_7_11_oriental_music_teacher_guide.md,612,ම`ගින්,ස්වර පුවරු භාණ්ඩ ම`ගින් ළමා ගීතයක්
grade_7_music.md,16,`,> Text was extracted from the PDF text layer with `pdftotext -layout`. OCR was not used.
grade_7_music.md,16,`,> Text was extracted from the PDF text layer with `pdftotext -layout`. OCR was not used.
grade_7_music.md,51,`,"a , ÿ¾j,;d u`.yrjd .ekSfï wNs,dIfhks'"
grade_7_music.md,60,`,"fuu ;;a;ajh u`.yrjd .ekSu msKsi cd;sl wOHdmk wdh;kfha ks,OdÍka"
grade_7_music.md,63,`,u`.ska wkd.;h f.dvk`.d .ekSu msKsi YsIHhkaf.a ksmqK;d j¾Okh lr .ekSug
grade_7_music.md,63,`,u`.ska wkd.;h f.dvk`.d .ekSu msKsi YsIHhkaf.a ksmqK;d j¾Okh lr .ekSug
grade_7_music.md,74,`,WmldÍ jkq we;ehs hkq mQ¾K úYajdihhs' .=re ud¾f.damfoaY ix.%yfhys § we;s u`.fmkaùu
grade_7_music.md,76,`,s e§ï u`.k
grade_7_music.md,135,`,;j;a fndfyda mdvï ilia lr .ekSug u`. fmkaùula nj is;kak' fïjd weiqfrka
grade_7_music.md,143,`,"l%shdldrlu;a iu`. flfrk ;lafiare ls%hdj,sh jvd;a M,odhS bf.kqulg fya;= fõ'"
grade_7_music.md,145,`,"fuu`.ska kj f,djg WÑ; ksmK"
grade_7_music.md,277,`,1'1 ye`ok
grade_7_music.md,282,`,"j¾Ifha oS w'fmd'i' idudkH fm< úNd.h i`oyd isiqkag uq,ajrg fmkS isàug isÿ fõ'"
grade_7_music.md,284,`,olaI;djh olajk wxYh ;u wNsu;h mßos iy .=re Nj;=kf  a .a u`.fmkaùfuka f;dardf.k
grade_7_music.md,289,`,úIh ks¾foaYhla fujr y`ÿkajdoSfuka .=rejrhdf.a iïfm%I
grade_7_music.md,294,`,fuysoS kj úIh ks¾foaYh u`.ska .=rejrhdf.a u`.fmkaùu hgf;a YsIHhd úIh
grade_7_music.md,294,`,fuysoS kj úIh ks¾foaYh u`.ska .=rejrhdf.a u`.fmkaùu hgf;a YsIHhd úIh
grade_7_music.md,295,`,"lreKq .fõIKhg fhduq fldg l%shdldrlï u`.ska ,nk bf.kqu"" os.= ld,Sk Ôú;"
grade_7_music.md,296,`,"mqreoaola njg m;ajkq we;' th ksmqK;djla f,i ye`oskafõ'"
grade_7_music.md,305,`,ifudaOdks; j bf.kqug fhduq lsÍu fuu kj ks¾foaYh u`.ska isÿfõ'
grade_7_music.md,311,`,bgqúh hq;= h' ta i`oyd odhl jk fi!kao¾h úIhhg jeo.;a ia:dkhla ysñ fõ'
grade_7_music.md,315,`,";=< muKla fkdj miqld,Sk j o ;u Ôú; meje;au i`oyd wjYH jk ixfõoS wOHd;auhla"
grade_7_music.md,318,`,yeoEÍfuka YsIHhd ;=< j¾Okh úh hq;= m%Odk ksmqK;d 8 la y`ÿkajd oS we;' tu
grade_7_music.md,319,`,"ksmqK;djkag wkqj tla tla fY%aKsfha oS ,`.d úh hq;= hehs wfmalaIs; ksmqK;d uÜgï"
grade_7_music.md,324,`,"s úIh lreKq .dhkh uQ,l s fldg f.dvk`.d we;s jqjo lsih"
grade_7_music.md,327,`,iajr jdoH NdKavhla u`.ska ish`tu fldgia m%dfhda.sl j wOHhkh l< yels h'
grade_7_music.md,327,`,iajr jdoH NdKavhla u`.ska ish`tu fldgia m%dfhda.sl j wOHhkh l< yels h'
grade_7_music.md,342,`,mßirfhys ish¨ ixisoaêka ñksia Ôú;h yd ne`oS mj;S' YsIHhd ;=< mßirh yd ne`os
grade_7_music.md,342,`,mßirfhys ish¨ ixisoaêka ñksia Ôú;h yd ne`oS mj;S' YsIHhd ;=< mßirh yd ne`os
grade_7_music.md,343,`,fi!kao¾hd;aul jákdlï ms<n s `o wjêhla we;slÍ
grade_7_music.md,349,`,"Ôú;fha oS uyqKmdk úúO .eg¨ yd wjia:djkays oS ks¾udKYS,S j lghq;= lsÍu i`oyd"
grade_7_music.md,350,`,wjYH Ñka;k Yla;sh j¾Okh yd Ôú;fha úúO wjYH;d i`oyd Wiia ks¾udK lD;s
grade_7_music.md,357,`,lsÍfï yelshdj o wjYH fõ' tfuka u wfkHdakH iqyo;djh iy tlsfkld ms<sn`o
grade_7_music.md,358,`,f.!rjKSh ye`.u
grade_7_music.md,359,`,"S lska hq;= j lghq;= lsÍfï yelshdj ,eìu jeo.;a fõ' ta i`oyd wjYH"
grade_7_music.md,364,`,foaYSh ixialD;sl wx. y÷kd.ekSfuka foaYdNsudkS ye`.Sulska hq;=j iy foaYSh
grade_7_music.md,365,`,wkkH;djhlska hq;= j lghq;= lsÍu ms<sn`o Wodr ye`.Sï iuqodhla j¾Okh lsÍu
grade_7_music.md,365,`,wkkH;djhlska hq;= j lghq;= lsÍu ms<sn`o Wodr ye`.Sï iuqodhla j¾Okh lsÍu
grade_7_music.md,366,`,"jeo.;a fõ' ta i`oyd wjYH fi!kao¾h úIhdkqnoaO oekqu ,ndoSu fuys oS wfmalaId"
grade_7_music.md,396,`,a dka; y`ÿkd.ksñka m%dfhda.l
grade_7_music.md,404,`,3'0   ix.S; ridiajdofhka Ôú;fha úkaokSh wjia:d yd ne`os udkisl ;;a;j
grade_7_music.md,405,`,"a hka ,`.d"
grade_7_music.md,411,`,s `o m%dfhda.l
grade_7_music.md,416,`,"5'0   jHjydßl ix.S;h iy rx.l,d yd ne`os ix.S;dx. ms<n"
grade_7_music.md,417,`,"s `o w;aoelSï ,nhs'"
grade_7_music.md,453,`,m%fõYh i`oyd
grade_7_music.md,460,`,.fõIKh i`oyd
grade_7_music.md,490,`,s `o olaI;d m%o¾Ykh lrhs'
grade_7_music.md,493,`,2'1 iajr jdoH NdKav y`ÿkd.ksñka jdokhg yqrefjhs'
grade_7_music.md,499,`,"3'2 .S;fha m%n,;djh idlÉPd lrñka riú`Èhs"
grade_7_music.md,503,`,s `o ixialD;sl f;dr;=re úuid .dhkh lrhs'
grade_7_music.md,542,`,"s `o   • ,h ixl,amh"
grade_7_music.md,547,`,"2'0 jdoH NdKavhkays                                • jh,Sk mjq, ms<sn`o"
grade_7_music.md,550,`,"jdok yelshd             y`ÿkd.ksñka             • jh,Skfha iajNdjh"""
grade_7_music.md,565,`,úkaokSh wjia:d yd                               • .S wkqjdok riú`oSu
grade_7_music.md,566,`,"ne`os udkisl ;;a;ajhka 3'2 .S;fha m%n,;djh        we.hSu'"
grade_7_music.md,567,`,",`.d lr.ekSug              idlÉPd lrñka"
grade_7_music.md,568,`,yqrefjhs'                  riú`Èhs               • WmfoaYd;aul .S;
grade_7_music.md,580,`,"s `o    • ore ke,ú,s .S         10"
grade_7_music.md,581,`,ms<sn`o m%dfhda.sl yelshd ixialD;sl f;dr;=re   • ;=kairfKa .S
grade_7_music.md,590,`,"ne`os ix.S;dx. ms<sn`o                         • ir,j rx.kh"
grade_7_music.md,590,`,"ne`os ix.S;dx. ms<sn`o                         • ir,j rx.kh"
grade_7_music.md,604,`,y`ÿkd.ksñka úYaj ix.S;                               • úIu.%y
grade_7_music.md,634,`,"<uhdf.a úpdr Yla;sh j¾Okh lsÍu i`oyd .Ks;h"" úoHdj wdos úIhhka wjYH"
grade_7_music.md,635,`,jkakdfiau Tjqkaf.a úkaok yd ks¾udKd;al yelshd j¾Okh lsÍu i`oyd fi!kao¾h
grade_7_music.md,639,`,"lsÍfuka YsIHhdf.a ix.S; úIhh yd ne`os m%dfhda.sl l=i,;d j¾Okh lsÍu fukau"
grade_7_music.md,640,`,"hym;a wdl,am j¾Okfhka iqiudys; fm!reIhla f.dvkef`.kq we;'"
grade_7_music.md,657,`,7'     kj ks¾udKd;aul l%shdldrlï u`.ska wdfoaY NdKav ksraudK
grade_7_music.md,668,`,12'    rdcH W;aij yd ne`os .dhk jdok wx.
grade_7_music.md,709,`,.=rejrhd mka;sh iu`. we;s lr .kakd foni .kqfokq N+ñldfõ wdrïNl
grade_7_music.md,738,`,"fuu .=re ud¾f.damfoaY ix.%yfha m<uqjk fldgi u`.ska y÷kajd fokq ,nk"
grade_7_music.md,744,`,".=rejrhd .kqfokq N+ñldfõ ,laIK m%o¾Ykh lrñka isiqka iu`. fonilg uq, mqrhs'"
grade_7_music.md,747,`,"ls%hdldrlïj, bÈßh ms<n    s | b`.s ,nd .ekSug;a isik"
grade_7_music.md,773,`,"iu`. iyfhda.fhka jev lsÍu"" Tjqkg Woõ ùu ld, l<ukdlrKh"" .=Kd;aul nfjka"
grade_7_music.md,781,`,miqìu muKla uekúka iQodkï l< hq;= h' ie`.jqKq yelshd mokï lr.ksñka
grade_7_music.md,795,`,wfma mka;sldur ;=< ks;r wefik .=re l:kh jfkqjg isiq y`v u;=ùug wjia:d
grade_7_music.md,933,`,fkdjk kuqÿ lsishï rihla ú`osh yelsnj'
grade_7_music.md,963,`,"jYfhka tl,`. fh§u isÿjkqfha l,d;=rlskanj'"
grade_7_music.md,1129,`,ta wkqj — úlD;s iajr˜ jYfhka w¨;ska tlajk iajr 5 ;=< y`v my;aùfuka ieliqKq
grade_7_music.md,1233,`,•       tlu iajrh jqj;a y`v by<ska fyda my<ska jYfhka y`v
grade_7_music.md,1233,`,•       tlu iajrh jqj;a y`v by<ska fyda my<ska jYfhka y`v
grade_7_music.md,1235,`,•       ñksidf.a idudkH lgy`vg jvd by< fyda my< jk iajr o
grade_7_music.md,1259,`,•   iajhx wOHhkhg u`. fmkajkak'
grade_7_music.md,1604,`,y`v by< ù iEfok iajrhls' ta wkqj fldau< zz ß ZZ hk iajrh ;Sj%zz i ZZ
grade_7_music.md,1710,`,•   iajhx wOHhkhg u`. fmkajkak'
grade_7_music.md,2208,`,"jE s fy$k iS s $; , . $ `.= f,a s $ È h g $ le fj k $ jd s $ s s s $"
grade_7_music.md,2274,`,•   iajhx wOHhkhg u`. fmkajkak'
grade_7_music.md,2696,`,•   1'2'3'4 wd§ jYfhka .=rejrhdf.a u`. fmkaùu hgf;a ;Ügq
grade_7_music.md,2707,`,"•   my; i|yka u`. fmkaùu hgf;a kej; fmd,a lgq yd ,S len,s"
grade_7_music.md,2948,`,3' A y B ldKav folg wh;a .S mdo folla .=rejrhd iu`. m%ia;dr lr
grade_7_music.md,3038,`,"•   fuu fõ.h ,h hkqfjka y`ÿkajknj'"
grade_7_music.md,3246,`,"•   ngysr ix.S;fha we;s y`v ;, 4 g fjka fjka jYfhka"
grade_7_music.md,3270,`,iqir    bßhõ   y`vla        y`vla        wkqj         ixLHdj iÔù j
grade_7_music.md,3270,`,iqir    bßhõ   y`vla        y`vla        wkqj         ixLHdj iÔù j
grade_7_music.md,3683,`,we`.swe
grade_7_music.md,3910,`,iajr jdokh lsÍug;a y`v ksl=;a jk whqre .fõIKhg
grade_7_music.md,4053,`,i|yd u`.fmkaúh hq;= fõ'&
grade_7_music.md,4170,`,"10'   fyd`Èka ÿïu, ;ejfrk fia uq, isg w. olajd .uka lrjkak'"
grade_7_music.md,4270,`,"onr`.s,,"
grade_7_music.md,4793,`,a iajr ia:dmk .S y`ÿkd .ksh's
grade_7_music.md,4795,`,•    iajr ia:dmk .S u`.ska ksjerÈ iajr jdokhg yqrefjhs'
grade_7_music.md,5441,`,"udkisl ;;a;ajhla ,`.d lr .ekSug yqrefjhs'"
grade_7_music.md,5503,`,•     ix.S;h i|yd wjeis ixhuho Y%jKh u`.k    s a
grade_7_music.md,5510,`,"wkqjdokfhka ,`.dúh yelsnj'"
grade_7_music.md,5521,`,•   lg y`äka ññKSfuka Wrejï nEfuka yd ix.S; NdKav u`.ska
grade_7_music.md,5521,`,•   lg y`äka ññKSfuka Wrejï nEfuka yd ix.S; NdKav u`.ska
grade_7_music.md,5600,`,"• ta ms<sn|j my; i|yka lreKq u;=lrñka"" isiqka iu`."
grade_7_music.md,5659,`,•        WmfoaYd;aul .S; u`.ska isÿjk iudc fufyjr ms<ns | j woyia olajhs
grade_7_music.md,5779,`,•     isiqka iu`. .S;h lsysmjdrhla .hkak'
grade_7_music.md,5785,`,q a iu`. tlaj .dhkh lrkak'rij;a nj r|jd .ekSug
grade_7_music.md,5796,`,•   wjYH ;ekays§ u`. fmkajkak'
grade_7_music.md,5868,`,"zzlreKdj iu`. fyd| ys; m;=rkakZZ .S;h "" zzuõmsfhd wd§ZZ .S;h iy"
grade_7_music.md,5872,`,muK iEfya' ;j;a ñks;a;= 40 la muK fhdod .ksñka m%ia:dj msre`: we;=<;aoDYH
grade_7_music.md,5882,`,1' zzlreKdj iu`. fyd| ys; m;=rkakZZ .S;fha fyda uõmsfhd wd§ .S;fha fyda
grade_7_music.md,5884,`,"2' tu .S; weiSfuka Tfí is;g we;s jQ yE`.Su Tfí jpkfhka ,shkak'"
grade_7_music.md,5887,`,"Y%jKh lrkak' tu .S;fha we;s m%ia;dj msre`: fyda WmfoaY fjkalr ,shkak'"
grade_7_music.md,5889,`,6' WmfoaYd;aulnj we;=<;a .S; jÜfgdarejla .=re;=ud iu`. tl;=ù
grade_7_music.md,5904,`,+ lre    $ Kd s j      $   i u `. $ fyd |     ys $   ;    m ;= $
grade_7_music.md,5958,`,".dhkh (-        H.W.rEmisxy iu`. fldal,"
grade_7_music.md,6149,`,`                           •   weuqKï q wxl 01 we;=<;a oDYH WmlrKh
grade_7_music.md,6272,`,w ; g fj          r ¿ S S                we ys `o f.           fka S S S S
grade_7_music.md,6341,`,"• Tn lKavdhug ,ndÿka .S;h lKavdhu tl ù fyd`oska mqyqKq jkak'"
grade_7_music.md,6863,`,"úchnd rc;=ud u,hdishdkq l=udßldjla jQ ;sf,daliqkaoÍ iu`. újdy ùfï ux.,H W;aijh rnka"
grade_7_music.md,7593,`,•   iajhx wOHhkhg u`. fmkajkak'
grade_7_music.md,7637,`,"ìxÿ ìxÿ tlafj,d        -       .`.la yefokjd"
grade_7_music.md,7638,`,".x`. .x`.tlafj,d       -       uqyo"
grade_7_music.md,7638,`,".x`. .x`.tlafj,d       -       uqyo"
grade_7_music.md,7783,`,•     iajhx ks¾udKhg u`. fmkajkak'
grade_7_music.md,7795,`,iu`. tlaj tu .S;hg iqÿiq ;kqjla fhdokak'
grade_7_music.md,7846,`,"my; ±lafjk ßoau rgd .=re;=ud iu`. ;d,dkql+,j lshkak'^ ud;%d 2"" 3"" fyda 4 ßoaurgd u;=jk"
grade_7_music.md,7874,`,•     iq<`.
grade_7_music.md,7886,`,iu`. ;kqjla ks¾udKh lrkak' uq¨ mka;shu tlaj tajd .dhkh lrkak'
grade_7_music.md,8117,`,"•       fofjks jr .ehSfïoS tys uq,a ud;%dj ksy`v j isáknj'"
grade_7_music.md,8118,`,"•       tfia uq,a ud;%dj ksy`vj isg .ehSfuka .S;fha w,xldrh"
grade_7_music.md,8132,`,"•       ijka oSfuka wk;=rej uq,a ud;%dj ksy`v j wd>d;h ;nk .S;"
grade_7_music.md,8205,`,"ksmqK;dj        7'0       (      ixfla;dkqidrfhka ix.S;h ,shdolajk úê y`ÿkd.ksñka"
grade_7_music.md,8215,`,s dldrlu 7'1'3          (      úIu .%y y`ÿkd .ksuq
grade_7_music.md,8232,`,•      my; i`oyka lreKq u;=lrñka idlÉPdjl fhfokak'
grade_7_music.md,8286,`,.=rejrhd iu`. tlaj my; i|yka .S mdo .dhkh lrkak
grade_7_music.md,8296,`,•     lKavdhï 3 .S; fol ne`.ska f;dard .kak
grade_7_music.md,8303,`,•     .dhkh;a iu`. wd>d;h ;njkAk'
grade_7_music.md,8408,`,"•        mo ud,dj y`v k.k wdldrhg iajr fhfok l%uh úia;r lrhs'"
grade_7_music.md,8433,`,"•        .=rejrhd iu`. tu .e,a lúh yd me,a lúh fyd¢ka .dhkd lrkak'"
grade_7_music.md,8454,`,"me,a lúfha yd .e,a lúfha iajr m%ia;dr .S mdo iu`. m%ia;dr lr ld¾h m;%sldj"
grade_7_violin.md,16,`,> Text was extracted from the PDF text layer with `pdftotext -layout`. OCR was not used.
grade_7_violin.md,16,`,> Text was extracted from the PDF text layer with `pdftotext -layout`. OCR was not used.
grade_8_music_activity_1.md,16,`,> Text was extracted from the PDF text layer with `pdftotext -layout`. OCR was not used.
grade_8_music_activity_1.md,16,`,> Text was extracted from the PDF text layer with `pdftotext -layout`. OCR was not used.
grade_8_music_activity_2.md,16,`,> Text was extracted from the PDF text layer with `pdftotext -layout`. OCR was not used.
grade_8_music_activity_2.md,16,`,> Text was extracted from the PDF text layer with `pdftotext -layout`. OCR was not used.
grade_8_music_activity_3.md,16,`,> Text was extracted from the PDF text layer with `pdftotext -layout`. OCR was not used.
grade_8_music_activity_3.md,16,`,> Text was extracted from the PDF text layer with `pdftotext -layout`. OCR was not used.
grade_8_music_teacher_guide.md,77,මෙම`ගින්,ගුණාත්මක යෙදවුම් හා කි්‍රයාකාරකම් තෝරා ගැනීමට ගුරුවරුන්ට අවශ්‍ය නිදහස මෙම`ගින් ලබා දී තිබේ.
grade_8_music_teacher_guide.md,84,ම`ගින්,මත පදනම් වූ අධ්‍යාපන රටාවකට එළඹීම ම`ගින් වැඩ ලෝකයට අවශ්‍ය වන්නා වූ නිපුණතා හා
grade_8_music_teacher_guide.md,108,ම`ගින්,ම`ගින් වසර අටකට වරක් යාවත්කාලීන වන විෂය මාලාවේ ඉගෙනුම් සම්පතක් ලෙස මෙම ගුරු
grade_8_music_teacher_guide.md,113,ම`ගින්,ම`ගින් ඉගෙනුම් පල සම්ප්‍රාප්තිය පිණිස ඉගෙනුම් ක්‍රමවේද නිර්මාණශීලී ව වෙනස්කර ගැනීමට
grade_8_music_teacher_guide.md,121,ම`ග,"අපේක්ෂා කරන සාධනයන්, විෂය ඉගැන්වීමට ම`ග පෙන්වන සුසාධ්‍යකරුවන් විසින් පාඩම"
grade_8_music_teacher_guide.md,123,ගොඩන`ගා,"වීම සඳහා වූ ප්‍රබෝධාත්මක සංස්කෘතියක් ගොඩන`ගා ගැනීමට ගුරු මාර්ගෝපදේශය පහුරක්, යාත්‍රාවක්"
grade_8_music_teacher_guide.md,212,ගොඩන`ගා,විෂය නිර්දේශය ප්‍රායෝගික නැඹුරුතාවකින් යුතු ව ගොඩන`ගා ඇති අතර ක්‍රියාකාරකම්
grade_8_music_teacher_guide.md,290,ළ`ගාවීම,පුද්ගලයාට හා සමාජයට අදාළ වන ප්‍රධාන ජාතික අරමුණු කර ළ`ගාවීම සඳහා පුද්ගලයින්ට
grade_8_music_teacher_guide.md,294,ළ``ගාකර,දුර්වලතා නිසා ධරණීය මානව සංවර්ධන සංකල්ප රාමුව ඇතුළත අධ්‍යාපනය තුළින් ළ``ගාකර ගත
grade_8_music_teacher_guide.md,303,බැ`දීමකින්,"මානව අයිතිවාසිකම් ගරු කිරීම, යුතුකම් හා වගකීම් පිළිබඳ දැනුවත් වීම, හෘදයාංගම බැ`දීමකින්III"
grade_8_music_teacher_guide.md,345,හැ`ගීමෙන්,"නිරාකරණය කිරීම, විචාරශීලී හා විග්‍රහාත්මක චින්තනය, කණ්ඩායම් හැ`ගීමෙන් කටයුතු"
grade_8_music_teacher_guide.md,355,හැ`ගීම,"සාධාරණ යුක්තිය පිළිබඳ හැ`ගීම, සමාජ සම්බන්ධතා,"
grade_8_music_teacher_guide.md,357,බැ`දීම්,"අයිතිවාසිකම්, වගකීම්, යුතුකම් සහ බැ`දීම්"
grade_8_music_teacher_guide.md,471,ල`ගා,ඔවුන් ල`ගා කරගත් ප්‍රවීණතා මට්ටම් නිශ්චය කරමින් හා විශ්ලේෂණය කරමින් ඇගයීම ක්‍රියාත්මක
grade_8_music_teacher_guide.md,489,ම`ගින්,"1.බිලාවල්, භූපාලි, කාෆි, රාගාශ්‍රිත ස්වර2. නිර්දේශිත තාලපද අතින් නිරූපණය කර3. හින්දුස්ථානී තාලයක කොටස් හඳුනා1. ස්වර වාi භාණ්ඩ ම`ගින් වාදන හුරුව2. සිතාර් එස්රාජ් භාණ්"
grade_8_music_teacher_guide.md,496,ම`ගින්,"ස්වර පුවරුව සඳහා  කෝමළස්වර පුවරුව ම`ගින් ළමා ගීතස්වරවාද්‍ය භාණ්ඩ සඳහාහස්ත සාධන අභ්‍යාසසිතාර් එස්රාජ් භාණ්ඩවලග නි සහ ශුද්ධ ස්වර ඇතුළත්ගීතවාදනයකෝමල ග නි සහ ශුද්ධස්වර ඇතුළත් ගීතස්වභාවය, ස්වර පිහිටීම,සහ ඉතිහාසය"
grade_8_music_teacher_guide.md,530,ළ`ගා,සංගීත රසාස්වාදයේයෙදෙමින් ජීවිතයේ සතුටහා බැඳි මානසිකතත්ත්වයන් ළ`ගා කරගැනීමට හුරු වෙයි.දේශීය ජන සංගීතාංගපිළිබඳ ප්‍රායෝගික හැකියාවර්ධනය කර ගනිමින්සංස්කෘතික උරුමයන්රැක ගනියි.
grade_8_music_teacher_guide.md,543,වි`දියි,1. දමිළ ගී ගයමින් අගය කරයි.1. ශ්‍රී ලංකාවේ සරල සංගීත ක්‍ෂේත්‍රයේ1.නාඩගම් සහ නූර්ති රංග ශෛලියේ  වෙනස පිළිබඳව අදහස් දක්වයි.2. නූර්ති නාඩගම් ගී ගයා වයා අගය කරයි.3. නව නාට්‍ය ගී ගයයි ප්‍රචලිත නූර්ති  ගී ගයමින් රස වි`දියි.
grade_8_music_teacher_guide.md,668,ම`ගින්,2.1 වාදනයේ මූලික හැකියා වර්ධනය කරස්වර පුවරුව ම`ගින් කෝමල ගනි ස්වර02
grade_8_music_teacher_guide.md,673,ම`ගින්,ස්වරවාද්‍ය භාණ්ඩ ම`ගින් කෝමල ග නි
grade_8_music_teacher_guide.md,756,ම`ගින්,ස්වරවාද්‍ය භාණ්ඩ ම`ගින් විවිධ ස්වර
grade_8_music_teacher_guide.md,763,ම`ගින්,ස්වර පුවරු භාණ්ඩ ම`ගින් ළමා ගීතයක්
grade_8_music_teacher_guide.md,856,සම`ග,ගීතයක් සිසුන් සම`ග ගායනය කරන්න. එහි ස්වර ප්‍රස්තාරය ද ගයන්න.
grade_8_music_teacher_guide.md,1015,සම`ග,දීප්චන්දි තාලයට වෙන් කළ ගීතවල නිවැරදිතාව සිසුන් සම`ග
grade_8_music_teacher_guide.md,1041,සුළැ`ගිල්ල,"දකුණතේ සුළැ`ගිල්ල, වෙද`ගිල්ල, මැදැ`ගිල්ල යන අනුපිළිවෙළට"
grade_8_music_teacher_guide.md,1041,වෙද`ගිල්ල,"දකුණතේ සුළැ`ගිල්ල, වෙද`ගිල්ල, මැදැ`ගිල්ල යන අනුපිළිවෙළට"
grade_8_music_teacher_guide.md,1041,මැදැ`ගිල්ල,"දකුණතේ සුළැ`ගිල්ල, වෙද`ගිල්ල, මැදැ`ගිල්ල යන අනුපිළිවෙළට"
grade_8_music_teacher_guide.md,1042,ඇ`ගිලි,ඇ`ගිලි තුඩු තබන්න. (එක් අක්ෂරයකට එක බැගින්)
grade_8_music_teacher_guide.md,1144,ම`ගින්,හස්්ත සාධන අභ්‍යාස වාදනය කිරීම ම`ගින් වාදන හැකියාවන් දියුණු කර•
grade_8_music_teacher_guide.md,1146,ම`ගින්,වාදන හැකියාව ම`ගින් තමා ජීවත් වන සමාජ තුළ ඇගයීමට ලක්වන•
grade_8_music_teacher_guide.md,1164,ගොඩන`ගා,නි සහිත අභ්‍යාස මෙම අභ්‍යාස ඇසුරින් ගොඩන`ගා වාදනයට සලස්වන්න•
grade_8_music_teacher_guide.md,1172,ම`ගින්,දිනට නියමිත පාඩමට අදාළ විශේෂ ශිල්ප ක්‍රම වීඩියෝ දර්ශන ම`ගින්•
grade_8_music_teacher_guide.md,1207,ම`ගින්,ස්වර වාද්‍ය භාණ්ඩය ම`ගින් ශුද්ධ ස්වර සහිත ගීත වාදනය
grade_8_music_teacher_guide.md,1210,ම`ගින්,ක්‍රියාකාරකම 2.1.1           :ස්්වර වාද්‍ය භාණ්ඩය ම`ගින් ශුද්ධ ස්වර සහිත ගීත වාදනය
grade_8_music_teacher_guide.md,1238,සම`ග,සිසුන් සම`ග සාකච්ඡා කරන්න•
grade_8_music_teacher_guide.md,1247,ම`ග,ඉතිරි ගීත දෙකේ ස්වර ප්‍රස්තාර ද ලබා දී වාදනය කරවන්න. ගුරු ම`ග•
grade_8_music_teacher_guide.md,1305,සම`ගම,ඇමුණුම 1 භාවිතයෙන් එහි කොටස් හඳුන්වා දෙන්න. ඒ සම`ගම ඇමුණුම
grade_8_music_teacher_guide.md,1313,ම`ග,පිහිටීම ලකුණු කිරීමට ම`ග පෙන්වීමේ දී 7 වසරේ ස්වර පාඩමේ ස්වර 12
grade_8_music_teacher_guide.md,1320,ම`ගින්,පාඩමට අදාළ විශේෂ ශිල්ප ක්‍රම වීඩියෝ දර්ශන ම`ගින් නැවත නැවත•
grade_8_music_teacher_guide.md,1326,සම`ග,ඇමුණුම 2 තොරුතුරු පත්‍රිකාව ඇසුරින් සිතාරය පිළිබඳ ව සිසුන් සම`ග•
grade_8_music_teacher_guide.md,1327,න`ගන්න,සාකච්ඡා කරමින් සටහන් පොතෙහි සටහනක් ගොඩ න`ගන්න.
grade_8_music_teacher_guide.md,1395,සම`ගම,ඇමුණුම 1 භාවිතයෙන් එහි කොටස් හඳුන්වා දෙන්න. ඒ සම`ගම ඇමුණුම
grade_8_music_teacher_guide.md,1403,ම`ග,පිහිටීම ලකුණු කිරීමට ම`ග පෙන්වීමේ දී 7 වසරේ ස්වර පාඩමේ ස්වර 12
grade_8_music_teacher_guide.md,1410,ම`ගින්,පාඩමට අදාළ විශේෂ ශිල්ප ක්‍රම වීඩියෝ දර්ශන ම`ගින් නැවත නැවත•
grade_8_music_teacher_guide.md,1414,සම`ග,පියවර 02පියවර 02පියවර 02පියවර 02පියවර 02ඇමුණුම 1 සම`ග එස්රාජය සංසන්දනය කරමින් එස්රාජයේ කොටස්    •
grade_8_music_teacher_guide.md,1416,සම`ග,ඇමුණුම 2 තොරතුරු පත්‍රිකාව ඇසුරින් එස්රාජය පිළිබඳ ව සිසුන් සම`ග•
grade_8_music_teacher_guide.md,1417,න`ගන්න,සාකච්ඡා කරමින් සටහන් පොතෙහි සටහනක් ගොඩ න`ගන්න.
grade_8_music_teacher_guide.md,1464,බැ`දි,නිපුණතා මට්ටම 1.1  :කෙත හා බැ`දි ගැමි ගී පිළිබඳ විමසමින් ගායනය කරයි.
grade_8_music_teacher_guide.md,1519,නෙ`ගා්,යමු යමු හණික නෙ`ගා්
grade_8_music_teacher_guide.md,1584,සම`ග,ගුරුවරයා සර්පිනාව වාදනය සම`ග ගීතය ගායනා කරමින් ශ්‍රවණයට•
grade_8_music_teacher_guide.md,1592,සම`ග,ගායනය හා රංගනයන් සම`ග ඉදිරිපත් වීමට කැමති සිසුන්ට ද අවස්ථාවක්•
grade_8_music_teacher_guide.md,1603,සම`ග,ගායනය සම`ග රංගනය ද දක්ෂ ලෙස ඉදිරිපත් කළ සිසුන් කැඳවා අගය
grade_8_music_teacher_guide.md,1606,සම`ග,"පැවරුම  :6, 7 ශ්‍රේණිවල දී ඉගෙන ගත් ගීත සම`ග මෙම ගීතය ද නිදහස් කාලච්ෙඡ්දවල"
grade_8_music_teacher_guide.md,1625,ස`ගවා,මාගේ   හිසකේ  ගර්භයෙහී // ස`ගවා ගෙන ආ සාදරෙන්  -  ලෝනා මුනි.......
grade_8_music_teacher_guide.md,1639,වි`දියි,ඉගෙනුම් පල       :නව නාට්‍ය ගීත ගායනය කරමින් රස වි`දියි.
grade_8_music_teacher_guide.md,1662,සම`ග,"දෙවෙනි කණ්ඩායම රංගනය සඳහාත්, ගුරුවරයා සම`ග සහාය වාදනයේ"
grade_8_music_teacher_guide.md,1687,ග`ගුල්,අන්න බලන් සඳ රන් තැටියෙන් සුදු සීත ග`ගුල් ගලනා
grade_8_music_teacher_guide.md,1694,හි`දිමිනේ,මන්මද රංගන මණ්ඩපයේ මෙම මන්ද බලා හි`දිමිනේ
grade_8_music_teacher_guide.md,1735,සම`ග,සම`ග ගායනය කරන්න. එහි ස්වර ප්‍රස්තාරය ද ගයවන්න.
grade_8_music_teacher_guide.md,1796,බැ`දි,ඣප්තාල් - දීප්චන්දි තාල හා බැ`දි නිර්මාණාත්මක ක්‍රියා
grade_8_music_teacher_guide.md,1803,ම`ගින්,තාල සහ රිද්ම රටා ම`ගින් ද රස ජනනය වන බව පිළිගනියි.•
grade_8_music_teacher_guide.md,1805,න`ගයි,මිශ්‍ර මත් කැටි සහිත රිද්ම රටා ගොඩ න`ගයි.•
grade_8_music_teacher_guide.md,1806,ම`ගින්,එම රිද්ම රටා/තාල රටා විවිධ උපකරණ සහ භාණ්ඩ ම`ගින් වයා පෙන්වයි.•
grade_8_music_teacher_guide.md,1817,න`ගමින්,ගොඩ න`ගමින්   සාමූහික ව කණ්ඩායම් වශයෙන් කොටස් බෙදා ගනිමින්
grade_8_music_teacher_guide.md,1820,ම`ග,නිරූපණයටත් මෙම පාඩමින් ම`ග පෙන්විය හැකි ය.
grade_8_music_teacher_guide.md,1844,ම`ග,රටා භාවිත කිරීමට ම`ග පෙන්වන්න.
grade_8_music_teacher_guide.md,1848,නැ`ගීමට,නැ`ගීමට පොලඹවන්න. නිර්මාණය කළ රිද්ම රටා ඇසුරින් රිද්ම රටා
grade_8_music_teacher_guide.md,1849,සම`ග,ලැයිස්තුවක් සිසුන් සම`ග පිළියෙළ කරන්න. සුදුසු පරිදි එක් එක්
grade_8_music_teacher_guide.md,1870,ම`ගින්,ස්වර පුවරුව ම`ගින් කෝමල ග නි සහිත ගීත වාදනය
grade_8_music_teacher_guide.md,1873,ම`ගින්,ක්‍රියාකාරකම 2.1.14   :ස්්වර පුවරුව ම`ගින් කෝමල ග නි සහිත ස්වර ස්ථාපන ගීත වාදනය
grade_8_music_teacher_guide.md,1885,ම`ග,හඳුනා ගැනීමට ම`ග පෑදීම අත්‍යවශ්‍යය•
grade_8_music_teacher_guide.md,1895,සම`ග,සිසුන් සම`ග සාකච්ඡා කරන්න•
grade_8_music_teacher_guide.md,1902,ම`ග,අවශ්‍ය උපදෙස් ලබා දෙමින් නිවැරදි ව වාදනය කිරීමට ම`ග සලසන්න••
grade_8_music_teacher_guide.md,1917,ම`ග,කළ යුතු සිසුන්ට උපදෙස් හා ම`ග පෙන්වීම් ලබා දෙන්න.
grade_8_music_teacher_guide.md,1930,ම`ගින්,වාද්‍ය භාණ්ඩ ම`ගින් කෝමල ග නි සහිත ගීත වාදනය
grade_8_music_teacher_guide.md,1935,ම`ගින්,ඉගෙනුම් පල       :වාද්‍ය භාණ්ඩ  ම`ගින් කෝමල ග නි ගීත වාදනය කරයි••
grade_8_music_teacher_guide.md,1945,ම`ගින්,කෝමල ස්වර ම`ගින් උත්පාදනය වනු ඇත• එය සිසුන්ට අවබෝධ වන
grade_8_music_teacher_guide.md,1965,සම`ග,ඔබට වාදනය කළ හැකි භාණ්ඩකින් සිසුන් සම`ග වාදනය කරමින්•
grade_8_music_teacher_guide.md,2001,ම`ගින්,ක්‍රියාකාරකම   :ස්වර වාද්‍ය භාණ්ඩ ම`ගින් කෝමල ග නි සහිත ගීත වාදනය
grade_8_music_teacher_guide.md,2005,ම`ගින්,ශ්‍රවණය ම`ගින් සරල ගීතයක කොටස් වෙන්කර ගැනීමේ හැකියාව•
grade_8_music_teacher_guide.md,2025,සම`ග,පිළිබඳව සිසුන් සම`ග සාකච්ඡා කරන්න.
grade_8_music_teacher_guide.md,2027,ම`ගින්,"ම`ගින් ය. ගී පද රචනය, කාව්‍ය රචනයට වඩා වෙනස් ය. කවියක් ගීතයක්"
grade_8_music_teacher_guide.md,2047,සම`ග,සම`ග එවැනි ගීත කිහිපයක් සාකච්ඡා කළ හැකි ය. පහත දැක්වෙන නාමාවලිය
grade_8_music_teacher_guide.md,2057,සම`ග,මෙය පෙර වාදන කොටස යි. හොඳ ගීතයක තනුව සම`ග පෙර වාදනය
grade_8_music_teacher_guide.md,2072,ම`ගින්,රහිත හිස්තැන් සංගීත ඛණ්ඩ ම`ගින් පුරවනු ලැබේ. ඒවා ඉතා කෙටි ය.
grade_8_music_teacher_guide.md,2096,සම`ග,එම ගීත දෙකේ බස පිළිබඳ ව සිසුන් සම`ග කෙටියෙන් සාකච්ඡා  කරන්න.•
grade_8_music_teacher_guide.md,2113,ම`ග,දෙන්න. එක් එක් කොටස ගායනයට ම`ග පෙන්වන්න. අගයන්න.
grade_8_music_teacher_guide.md,2120,සම`ග,"සලස්වන්න. එම ගීතවල පදරචනය, සංගීත නිර්මාණය හා ගායකයා සම`ග"
grade_8_music_teacher_guide.md,2121,ම`ගින්,අර්ථය තනුව සුවිශේෂ කොටස් පිළිබඳ ශබ්ද විකාශන පද්ධතිය ම`ගින්
grade_8_music_teacher_guide.md,2153,සෙන`ග,බිම්බරක් සෙන`ග ගැවසුණ - රත්න ශ්‍රී විජේසිංහ
grade_8_music_teacher_guide.md,2187,බැ`දි,නිපුණතාව 3.0   :සංගීත රසාස්වාදනයේ යෙදෙමින් ජීවිතයේ සතුට හා බැ`දි මානසික
grade_8_music_teacher_guide.md,2212,සම`ග,පියවර 02  පියවර 02  පියවර 02  පියවර 02  පියවර 02සිසුන් සම`ග ගායනය කරන්න.•
grade_8_music_teacher_guide.md,2214,සම`ග,ස්වර වාද්‍ය භාණ්ඩයක් හා තාල වාi භාණ්ඩයක් සම`ග ගායනයට හුරු•
grade_8_music_teacher_guide.md,2262,බැ`දි,නිපුණතා මට්ටම 1.1 :කෙත හා බැ`දි ගැමි ගී පිළිබඳ විමිසමින් ගායනය කරයි.
grade_8_music_teacher_guide.md,2286,සම`ග,පිළිබඳ ව සිසුන් සම`ග සාකච්ඡාවක් මෙහෙයවන්න.
grade_8_music_teacher_guide.md,2346,බැ`දි,නිපුණතා මට්ටම 1.1 :කෙත හා බැ`දි ගැමි ගී පිළිබඳ විමසමින් ගායනය කරයි.
grade_8_music_teacher_guide.md,2387,සම`ග,ගුරුවරයාගේ සහාය වාදනයට අනුව රංගනය සම`ග ගායනය ඉදිරිපත්•
grade_8_music_teacher_guide.md,2393,සම`ග,සම`ග ගීත ගැයූ කණ්ඩායම් තෝරා අගය කරන්න.
grade_8_music_teacher_guide.md,2409,බැ`දි,නිපුණතා මට්ටම 1.1 :කෙත හා බැ`දි ගැමි ගී පිළිබඳ විමසමින් ගායනය කරයි.
grade_8_music_teacher_guide.md,2430,සම`ග,පියවර 02පියවර 02පියවර 02පියවර 02පියවර 02එම ගීත ගුරුවරයා සම`ග සිසුන්ට ද ගායනය කිරීමට අවස්ථාව ලබා•
grade_8_music_teacher_guide.md,2455,බැ`දි,නිපුණතාව 5.0   :සරල සංගීතය හා බැ`දි සංගීතාංග පිළිබඳව අත්දැකීම් ලබයි.
grade_8_music_teacher_guide.md,2461,වි`දියි,වෙනත් භාෂාවකින් රචිත ගීත රස වි`දියි.•
grade_8_music_teacher_guide.md,2466,වි`දීම,විදේශීය භාෂාවලින් ගැයෙන ගීත. රස වි`දීම හා ගායනය කිරීම මෙම
grade_8_music_teacher_guide.md,2471,සම`ග,සිංහල අදහස සිසුන් සම`ග සාකච්ඡා කරන්න.
grade_8_music_teacher_guide.md,2479,සම`ග,ස්වර වාද්‍ය  භාණ්ඩයක් හා තාල වාද්‍ය භාණ්ඩයක් සම`ග ගායනය හුරු•
grade_8_music_teacher_guide.md,2485,සම`ග,ගයා/වයා පෙන්වන්න. එහි සිංහල අර්ථය සිසුන් සම`ග සාකච්ඡා කරන්න.
grade_8_music_teacher_guide.md,2486,සම`ග,ගීතය සිසුන් සම`ග ගයමින් රස වින්දනයක යෙදෙන්න.
grade_8_music_teacher_guide.md,2580,හැ`ගීම්බර,ඉගෙනුම් පල       :පිය ගුණ ගීයක් හැ`ගීම්බර ව ගායනය කරයි.•
grade_8_music_teacher_guide.md,2589,සම`ග,දියුණු කිරීම පිළිබඳ ව සිසුන් සම`ග කෙටි සාකච්ඡාවක් කරන්න.
grade_8_music_teacher_guide.md,2638,සම`ග,පියවර 01 පියවර 01 පියවර 01 පියවර 01 පියවර 01වාරයේ ඉගෙන ගත් නූර්ති ගීය රංගනයන් සම`ග ඉදිරිපත් කිරීමට එක්  • I
grade_8_music_teacher_guide.md,2723,සම`ග,එම ගීතයේ රංගනමය අවස්ථාව පිළිබඳ ව සිසුන් සම`ග සාකච්ඡාවක්•
grade_8_music_teacher_guide.md,2828,ස`ඳස්,ස`ඳස් මත් ගණන ගායනයේ දී වෙනස් විය හැකි බව පිළිගනියි.
grade_8_music_teacher_guide.md,2916,මැද`ග,යතිය පැදියක අග සහ මැද`ග යන අවස්ථා දෙකේ ම යෙදෙන අයුරු•
grade_8_music_teacher_guide.md,2919,ගොඩන`ගන්න,ගොඩන`ගන්න.
grade_8_music_teacher_guide.md,2962,ම`ගින්,රටට රැගෙන එන්නේ ද ඉංග්‍රීසි බස ම`ගින් ය. එක් එක් රටවල සංගීත
grade_8_music_teacher_guide.md,2964,ම`ගින්,සංගීත ප්‍රස්තාර ම`ගින් ය. අන්තර්ජාලය තුළ අඩංගු සංගීත ඥානය ද තවත්
grade_8_music_teacher_guide.md,2966,ම`ගින්,ප්‍රස්තාර ම`ගින් ය.  උත්තර භාරතීය රාගධාරී සංගීතය ද අද අන්තර්ජාලය
grade_8_music_teacher_guide.md,2978,ම`ගින්,පෙරදිග ස්වර ම`ගින් එම ප්‍රස්තාරය ම ගයා වයා පෙන්වන්න.•
grade_8_music_teacher_guide.md,2979,ම`ගින්,එහි ඇති සංකේත ම`ගින් අදාළ ගීතයේ තනුව ප්‍රකාශ වන අයුරු පැහැදිලි•
grade_8_music_teacher_guide.md,3004,න`ගා,පහත දැක්වෙන ස්වර ප්‍රස්තාරය දෘශ්‍ය උපකරණයක් ලෙස ගොඩ න`ගා ගන්න.
grade_8_music_teacher_guide.md,3032,නැෙ`ගන,බටහිර සංගීත ප්‍රස්තාර කිරීමේ කුසලතාව ලබා දීම සඳහා ගොඩ නැෙ`ගන
grade_8_music_teacher_guide.md,3036,ම`ගින්,ප්‍රස්තාරයක දී ස්වරය ලියා ඊට නියමිත මාත්‍රා ගණන කඩ ඉරි කැබලි ම`ගින්
grade_8_music_teacher_guide.md,3047,ම`ගින්,ප්‍රස්තාරයක කඩ ඉරි ම`ගින් මාත්‍රා සංඛ්‍යාවන් දැක්වුව ද එක් එක්
grade_8_music_teacher_guide.md,3056,ඇ`දීමට,සංකේත වෙන් කර සටහන් පොතේ ඇ`දීමට යොමු කරන්න.
grade_8_music_teacher_guide.md,3068,ඇ`දීම,සුවඳ පත්ම වැනි ඇ`දීම රහිත ගීතයක පළමු පාද කිහිපය බටහිර ක්‍රමයට•
grade_8_music_teacher_guide.md,3151,සම`ග,පියවර 01 පියවර 01 පියවර 01මීට පෙර  අධ්‍යයනය කළ භූපාලි ස්වර ස්ථාපන ගීතයක් සිසුන් සම`ග පියවර 01 පියවර 01  •
grade_8_music_teacher_guide.md,3156,සම`ග,සම`ග සාකච්ඡා කරන්න. මීට පෙර අධ්‍යයනය කර ඇති නම් පොතපත
grade_8_music_teacher_guide.md,3200,සම`ග,තිත්තාල පද දේශීය නර්තන කලාව හා සම`ග බැඳී පවතී. දේශීය නර්තන
grade_8_music_teacher_guide.md,3206,නැ`ගී,නිසා ය. හින්දුස්ථානී තාල පද සියල්ල ගොඩ නැ`ගී ඇත්තේ තබ්ලාව
grade_8_music_teacher_guide.md,3209,නැෙ`ගන,තුනක් මූලික කරගෙන ගොඩ නැෙ`ගන නිසා එක ම තිතක දී වුවත් බෙර
grade_8_music_teacher_guide.md,3210,සම`ග,පද එකිනෙකට වෙනස් වේ. මේ පිළිබඳ ව සරල ව සිසුන් සම`ග සාකච්ඡා
grade_8_music_teacher_guide.md,3211,නැෙ`ගන,කරන්න. එක ම මාත්‍රා ගණනකින් ගොඩ නැෙ`ගන තිත්තාල තනිතිත
grade_8_music_teacher_guide.md,3239,නැෙ`ගන,2-4 වශයෙන් මිශ්‍ර වී ගොඩ නැෙ`ගන තිත්රූප තුන බවත් සරල ව පහදා
grade_8_music_teacher_guide.md,3244,සම`ග,සිසුන් සම`ග සාකච්ඡා කරමින් සටහන් කර ගැනීමට මග පෙන්වන්න.
grade_8_music_teacher_guide.md,3310,ම`ගින්,තාලය හඟවන සංකේතයේ දැක්වෙන අංක  ම`ගින් පිළිබිඹු වන අදහස්( 68)
grade_8_music_teacher_guide.md,3347,සම`ග,සම`ග සාකච්ඡා කරමින් සටහන් කර ගැනීමට ම`ග පෙන්වන්න. සිසුන්
grade_8_music_teacher_guide.md,3347,ම`ග,සම`ග සාකච්ඡා කරමින් සටහන් කර ගැනීමට ම`ග පෙන්වන්න. සිසුන්
grade_8_music_teacher_guide.md,3372,ම`ගින්,ක්‍රියාකාරකම 2.1.14   :වාද්‍ය  භාණ්ඩ  ම`ගින් විවිධ ස්වර ඇතුළත් ගීත වාදනය
grade_8_music_teacher_guide.md,3392,ම`ගින්,පෙන්වීමෙන් සිසුන් දිරිමත් කිරීම ම`ගින් සිසු හදෙහි ඔබ පිළිබඳ ව තිබූ
grade_8_music_teacher_guide.md,3406,සම`ග,ඔබට වාදනය කළ හැකි භාණ්ඩකින් සිසුන් සම`ග වාදනය කරමින්•
grade_8_music_teacher_guide.md,3442,ම`ගින්,ස්වර පුවරුව ම`ගින් ළමා ගීත වාදනය
grade_8_music_teacher_guide.md,3445,ම`ගින්,ක්‍රියාකාරකම   :ස්වර පුවරුව ම`ගින් ළමා ගීත වාදනය කරමු.
grade_8_music_teacher_guide.md,3460,සම`ග,භාණ්ඩ සහිත ස්වර පුවරුවකින්  තාලයක් වාදනය කොට ඒ සම`ග මෙම
grade_8_music_teacher_guide.md,3468,ම`ගින්,මුල් ගීතය කිසියම් උපකරණයක් ම`ගින් වාදනය කොට ඒ සම`ග සිසුන්ට ද•
grade_8_music_teacher_guide.md,3468,සම`ග,මුල් ගීතය කිසියම් උපකරණයක් ම`ගින් වාදනය කොට ඒ සම`ග සිසුන්ට ද•
grade_8_music_teacher_guide.md,3469,ම`ග,පුහුණුවීමට ම`ග සලසන්න•
grade_8_music_teacher_guide.md,3480,සම`ග,දෙන්න• තාල වාදනය සම`ග වැයීමට ද (ඕර්ගන් ඇති සිසුනට) උපදෙස් දෙන්න•
grade_8_music_teacher_guide.md,3489,බැ`දි,නිපුණතාව 2.0   :සංගීත රසාස්වාදනයේ යෙදෙමින් ජීවිතයේ සතුට හා බැ`දි මානසික
grade_8_music_teacher_guide.md,3490,ළ`ගා,තත්ත්වයන් ළ`ගා කර ගැනීමට හුරු වෙයි.
grade_8_music_teacher_guide.md,3503,ගොඩනැ`ගුණු,"ගොඩනැ`ගුණු රවීන්ද්‍ර ගීත, රබීන්ද්‍ර ගීත නමින් ද හැ`දින්වේ. සමහර ගී තනු"
grade_8_music_teacher_guide.md,3503,හැ`දින්වේ,"ගොඩනැ`ගුණු රවීන්ද්‍ර ගීත, රබීන්ද්‍ර ගීත නමින් ද හැ`දින්වේ. සමහර ගී තනු"
grade_8_music_teacher_guide.md,3520,සම`ග,සිසුන් සම`ග ගායනයේ යෙදෙන්න.•
grade_8_music_teacher_guide.md,3578,බැ`දි,නිපුණතාව 3.0   :සංගීත රසාස්වාදනයේ යෙදෙමින් ජීවිතයේ සතුට හා බැ`දි මානසික
grade_8_music_teacher_guide.md,3579,ළ`ගා,තත්ත්වයන් ළ`ගා කර ගැනීමට හුරු වෙයි.
grade_8_music_teacher_guide.md,3644,බැ`දි,නිපුණතාව 3.0   :සංගීත රසාස්වාදනයේ යෙදෙමින් ජීවිතයේ සතුට හා බැ`දි මානසික
grade_8_music_teacher_guide.md,3645,ළ`ගා,තත්ත්වයන් ළ`ගා කර ගැනීමට හුරු වෙයිිි.
grade_8_music_teacher_guide.md,3657,සම`ග,මෙම ගීතවල එම ලක්ෂණ දැකිය හැකි බැවින් ඒවා ද සිසුන් සම`ග සාකච්ඡා
grade_8_music_teacher_guide.md,3661,බි`ගු,පියවර 01පියවර 01පියවර 01පියවර 01පියවර 01රොනට වඩින බි`ගු ඔබයි යන ගීතය ගයන්න. එ් පිළිබඳ අදහස් සිසුන්ගෙන්•
grade_8_music_teacher_guide.md,3721,සම`ග,සම`ග ගායනය කරවන්න.
grade_8_music_teacher_guide.md,3725,හැ`ගීම්,හැ`ගීම් ප්‍රකාශ වන අයුරින් ගීතය ගායනය කරයි.
grade_8_music_teacher_guide.md,3750,සිරිස`ගබෝ,‘‘සිරිස`ගබෝ’’ නූර්තියේ එන ‘‘සිරි සංඝබෝධි මාලිගාවේ දී දැන්’’ ගීතය
grade_8_music_teacher_guide.md,3752,හැ`දින්වීමක්,වස්තුව කතාන්තරයක් ලෙස ඉදිරිපත් කර ගීතය පිළිබඳ හැ`දින්වීමක් කරන්න.
grade_8_music_teacher_guide.md,3755,සිරිස`ගබෝ,පියවර 01පියවර 01පියවර 01පියවර 01පියවර 01‘‘සිරිස`ගබෝ ධර්මිෂ්ඨ රජකු බැවින් දීර්ඝායුෂ තිබේ. අන්ධ බමුණාගේ•
grade_8_music_teacher_guide.md,3774,සම`ග,රංගනයක් සම`ග ගීතය ගායනයට සුවිශේෂ හැකියා ඇති සිසුන්ට  අවස්ථාව•
grade_8_music_teacher_guide.md,3777,සම`ග,මිහිරි ව ගායනය හා විශේෂ හැකියාවන් සම`ග (රංගනය සම`ග) ගීතය
grade_8_music_teacher_guide.md,3777,සම`ග,මිහිරි ව ගායනය හා විශේෂ හැකියාවන් සම`ග (රංගනය සම`ග) ගීතය
grade_8_music_teacher_guide.md,3811,සිරිස`ගබෝ,සිරිස`ගබෝ නූර්තිය
grade_8_music_teacher_guide.md,3858,හැ`දින්වීමක්,පිළිබඳ ව කෙටි හැ`දින්වීමක් කරන්න.
grade_8_music_teacher_guide.md,3900,වි`දියි,ඉගෙනුම් පල:නව නාට්‍ය ගිත ගායනය කරමින් රස වි`දියි.
grade_8_music_teacher_guide.md,3926,සම`ග,"දෙවෙනි කණ්ඩායම රංගනය සඳහාත්, ගුරුවරයා සම`ග සහාය වාදනයේ"
grade_8_music_teacher_guide.md,3958,පල`දිතේ,සත් සියක් කපු පිළි වියන මම - සත් සියක් දෙන පල`දිතේ //
grade_8_music_teacher_guide.md,3960,පල`දිතේ,සත් සියක් මල් දම් ගොතන මම - සත් සියක් ගෙල පල`දිතේ
grade_8_music_teacher_guide.md,3988,ඉ`ගි,රටාවකට අනුකූල ව ස්වර යෙදීමේ මූලික ඉ`ගි හඳුන්වා දීම ප්‍රමාණවත් ය.
grade_8_music_teacher_guide.md,3991,සම`ග,කොට සිසුනට ඇසීමට සලස්වා තනුවක් යනු කුමක් දැයි සිසුන් සම`ග
grade_9_kolam.md,16,`,> Text was extracted from the PDF text layer with `pdftotext -layout`. OCR was not used.
grade_9_kolam.md,16,`,> Text was extracted from the PDF text layer with `pdftotext -layout`. OCR was not used.
grade_9_music_instruments.md,16,`,> Text was extracted from the PDF text layer with `pdftotext -layout`. OCR was not used.
grade_9_music_instruments.md,16,`,> Text was extracted from the PDF text layer with `pdftotext -layout`. OCR was not used.
grade_9_oriental_music_teacher_guide.md,186,`ෟ,9ෆ්‍රඃ.`ෟ
grade_9_raga.md,16,`,> Text was extracted from the PDF text layer with `pdftotext -layout`. OCR was not used.
grade_9_raga.md,16,`,> Text was extracted from the PDF text layer with `pdftotext -layout`. OCR was not used.
grade_9_richmond_music.md,16,`,> Text was extracted from the PDF text layer with `pdftotext -layout`. OCR was not used.
grade_9_richmond_music.md,16,`,> Text was extracted from the PDF text layer with `pdftotext -layout`. OCR was not used.
music_teacher_guide_part_2.md,64,හ`ඩින්,"3.1 ගීත රසාස්වාදයේ යෙදෙයි.•අභිමානාත්මක හ`ඩින්, හැ`ගීමෙන් හා1"
music_teacher_guide_part_2.md,64,හැ`ගීමෙන්,"3.1 ගීත රසාස්වාදයේ යෙදෙයි.•අභිමානාත්මක හ`ඩින්, හැ`ගීමෙන් හා1"
music_teacher_guide_part_2.md,69,ළ`ගා,තත්ත්වයන් ළ`ගා කර
music_teacher_guide_part_2.md,79,සංගීතාංගඑ`ඵවන්,4.0 දේශීය ජන සංගීතාංගඑ`ඵවන් කෑමේ ක්‍රීඩාවේ ගී
music_teacher_guide_part_2.md,87,එ`ඵවන්,"සාකච්ඡා කරයි.එ`ඵවන් කෑම, මේවර කෙළිය කළගෙඩි•"
music_teacher_guide_part_2.md,125,සම`ග,04සම`ග රංගනය
music_teacher_guide_part_2.md,134,සම`ග,රංගනයේ යෙදෙයි.ලක්ෂණ පිළිබඳ6.2නූර්ති ගීත ගායනය සම`ග
oriental_music_2018.md,206,`,"`  ල,් .ල.:රැ"
oriental_music_2018.md,273,`,")ෟද රැ8භ:,)`)):/-/"
oriental_music_2018.md,390,`ස,"ු1න්‍ ?`ස-), 8.)"
oriental_music_2018.md,407,`,",ලත6’), 8`)ූ)::.*ධල"
oriental_music_2018.md,412,ර`,"%,.::* 5.්‍ර`"
oriental_music_2018.md,633,`ෟ,9ෆ්‍රඃ.`ෟ
oriental_music_2018.md,1071,`,"ෟ, `04ෟුු6)"
oriental_music_2018.md,1175,ෟ`ලෟෟූු,ූ  ෟ`ලෟෟූු -ලඊෟතු`ලෘ
oriental_music_2018.md,1175,ලඊෟතු`ලෘ,ූ  ෟ`ලෟෟූු -ලඊෟතු`ලෘ
oriental_music_2018.md,1177,ූල`ල,ූල`ල ෟරැ ෟ ෟෟ ළෟ
oriental_music_2018.md,1186,`ල,’ෟ ෟ0ෟූ  `ල ෟ
oriental_music_2018.md,1187,`ල,ෟ  `ල ූරැු
oriental_music_2018.md,1192,ර`ල,"/්‍ර`ල  ,ෆූල-රැ,1ූ"
oriental_music_2018.md,1229,ෟග`,//්‍ර)’ු   ෟග`0
oriental_music_2018.md,1254,ෟග`,"/්‍රඵ  1ක්‍ ෟග`0*,ෆූල-රැ,1ූ"
oriental_music_2018.md,1255,`,5 `05 5ෟ   රැු
oriental_music_2018.md,1263,`,ැ) 5`0භධෟ *ශ  ු
oriental_music_2018.md,1265,`,/ඨභධෟ `0ක්‍ * ෟ
oriental_music_2018.md,1267,`,"ැ * ඊු , ෘ  `0  ථ"
oriental_music_2018.md,1275,`,`06) ක්‍ ්‍ය ු
oriental_music_2018.md,1351,`ෟ,)ූ   6 `ෟ0රෑෙ ෟ/ශ ථ
oriental_music_2018.md,1362,`ය,%`ය
oriental_music_2018.md,1371,`ල,`ල 56 `ෟ0රෑෙ 9ුුෟ 1
oriental_music_2018.md,1371,`ෟ,`ල 56 `ෟ0රෑෙ 9ුුෟ 1
oriental_music_2018.md,1376,`ල,"ඔ ණෟෟෟෟෟෟ, `ල 55ෟඔ"
oriental_music_2018.md,1460,ෟෟ`ල,්‍ර)ෟෟ`ල
oriental_music_2018.md,1462,ෟෟ`ලෟ,"ූ්‍ර)ෟෟ`ලෟ ,"
oriental_music_2018.md,1463,`ල,ෟ ෟ  `ල -ල  ෟු
oriental_music_2018.md,1466,ෟ`ල,ෟ`ල-ල 8 ෟ-ෟු
oriental_music_2018.md,1468,ෟ`ල,"ෟ්‍ර)ෟන්‍ෟ`ල  ,ෆූල-"
oriental_music_2018.md,1471,`ල,",ත්‍ඵ -ල 8ෟ5`ල"
oriental_music_2018.md,1475,ෟෟෟ`ල,6ල ෟ ෟෟෟ`ල
oriental_music_2018.md,1477,`ලුෟෟ,"භභනධධ `ලුෟෟ,  : ෟ"
oriental_music_2018.md,1479,`ලෟ,"ශ  ුූ,  ු,රැ   `ලෟ"
oriental_music_2018.md,1483,`ලෟ,`ලෟ ශ  ු0ු
oriental_music_2018.md,1486,ෟ`ලෟ,"ෟන්‍ෟ`ලෟ ,"
oriental_music_2018.md,1497,භභ`ලධධ,"භභ`ලධධ ,ෟ19)රැක්‍ ෟ`ල"
oriental_music_2018.md,1497,ෟ`ල,"භභ`ලධධ ,ෟ19)රැක්‍ ෟ`ල"
oriental_music_2018.md,1499,`ලුෟ,"භනධ  `ලුෟ,  : ,"
oriental_music_2018.md,1501,ඨ`ල,/ඨ`ල 1ත ු  ු
oriental_music_2018.md,1502,`ල,ඊළ *ෘ ෟ ෟ `ල
oriental_music_2018.md,1509,`ලෟ,"ු `ලෟ   ෟ ,  ු"
oriental_music_2018.md,1519,`ලෟ,`ලෟ ෟෟ
oriental_music_2018.md,1554,`,)  ක්‍ ෟෟ  `0
oriental_music_2018.md,1722,`ලු,5ෟෙ    60 ඊ  ෟ   `ලු ූල
oriental_music_2018.md,2200,ෑඹ`ල,ෟ ෟරැ ෑඹ`ල
oriental_music_2018.md,2560,රැ`,"රැ` ෟ,ක්‍ ෟෟ-"
oriental_music_2018.md,2562,රැ`ෟ,"ෑ ,ක්‍  රැ`ෟ0 ෑ6ල : න්‍"
oriental_music_2018.md,2699,`ල,`ල ෟෟූෟ-ෟ ෟළ ඝ
oriental_music_2018.md,2700,ෟ`ල,")-   ෟ , ෟ`ල*"
oriental_music_2018.md,2701,`ල,"එ ) ෟ `ල  න්‍, 8ෟෟ"
oriental_music_2018.md,2703,`ල,`ල ූ    5 ෟ
oriental_music_2018.md,2707,`,/’6ඪ  ු `0්‍රභධෟ
oriental_music_2018.md,2712,`ල,"/්‍ර `ල ෟ රැ රැ,1ූ"
oriental_music_2018.md,2745,ය`,ත  ්‍ය`
oriental_music_2018.md,2762,ෟග`,//්‍ර)6ඪු  ෟග`0
oriental_music_2018.md,2767,ෟග`,"ෟග`0 න්‍,"
oriental_music_2018.md,2774,`ල,"ෟු ෟ   න්‍,  8    `ල"
oriental_music_2018.md,2778,`,"න්‍,     ෑ  ැ 5  `0"
oriental_music_2018.md,2782,`ල,/6ඪෟ1 `ල රැ
oriental_music_2018.md,2788,`,5 `0්‍යූරැු
oriental_music_2018.md,2790,`,/ඨ `0  ෟ    ශ   ු
oriental_music_2018.md,2791,`,"`0  ඵ,ු ෟ,  ක්‍"
oriental_music_2018.md,2803,`,"`06) ක්‍ ්‍ය ුෟෟ,ෟ"
oriental_music_2018.md,2844,`ල,)  `ල)  ෟෟ
oriental_music_2018.md,2903,රැ`,"රැ`9     ,ල 6ක0   ීෟ"
oriental_music_2018.md,2965,`ල,"ෟ,  `ල  1"
oriental_music_2018.md,3458,`,ෟ1`0ු ිුෟ-ල  5
oriental_music_2018.md,3460,`,"ෟ1` ෟ1`ෟ,  ූෟ ෟ1`0ෟ"
oriental_music_2018.md,3460,`ෟ,"ෟ1` ෟ1`ෟ,  ූෟ ෟ1`0ෟ"
oriental_music_2018.md,3460,`,"ෟ1` ෟ1`ෟ,  ූෟ ෟ1`0ෟ"
oriental_music_2018.md,3462,`,": :ුෟෟ, ෟ1`0ෟථ5ු"
oriental_music_2018.md,3464,`ෟ,"ක්‍ෟ1`ෟ  ෟෟ, ර ලඵ"
oriental_music_2018.md,3532,`,ුෟ  5ෟ1`0ෟු )
oriental_music_2018.md,3534,රැ`ල,"ෟ: රැ  රැ`ල ූූඛ,ඝු5 රැ"
oriental_music_2018.md,3538,රැ`ලෑ,"ෟ,ෟථ:ූෟ ු ෟථ ූූඛ, රැ`ලෑ ෟ"
oriental_music_2018.md,3540,රැ`ල,"ෟ  ෟඛු ෟථ ූූඛ,ග 55 රැ`ල"
oriental_music_2018.md,3578,රැ`ලෟ,"ෟඊෟ:රැ  රැ`ලෟ,   ථ5 රැ"
oriental_music_2018.md,3579,`ලු,"`ලු 40ළඵෟ, ෟඛ රැඍෟ, ෟ  භභණණණධධ:ූෟ"
oriental_music_2018.md,3581,රැ`ල,"ෟථෟ  රැ`ල ෟ, ඝුෟ ෟ ෟ 6) ෟෟ1"
oriental_music_2018.md,3582,රැ`ල,5 9ථඞෑ)6ෟෟෟ ෟෟ රැ`ල5 ුූල
oriental_music_2018.md,3718,`,"රැ ෟ   -ලුක්‍ ෟ1`   5 ෟ,"
oriental_music_2018.md,3760,ෟ`ෟු,",,ෟෟ1ෟ`ෟු  ු,ු"
oriental_music_2018.md,3769,ෟ`ෟු,"ක්‍  ෟ.ෟථ,,ෟෟ1ෟ`ෟු  ු"
oriental_music_2018.md,3772,`ලෟ,"ෟ `ලෟ,  )  :  ු"
oriental_music_2018.md,3774,`ලෟ,`ලෟ ූ0`ලෟ ෑෟ
oriental_music_2018.md,3774,`ලෟ,`ලෟ ූ0`ලෟ ෑෟ
oriental_music_2018.md,4077,`ල,`ල ෟෟූෟ-ෟ ෟළ ඝ
oriental_music_2018.md,4078,ෟ`ල,")-   ෟ , ෟ`ල*එ"
oriental_music_2018.md,4079,`ල,") ෟ `ල  න්‍, ්‍ය  ු"
oriental_music_2018.md,4081,`ල,`ල ූ    5 ෟ
oriental_music_2018.md,4109,ත`,ෟෟ ෟෟෟ’ ඔ8ත`
oriental_music_2018.md,4138,ෟග`,//්‍ර)ටු  ෟග`0
oriental_music_2018.md,4143,ෟග`,"ෟග`0 න්‍,"
oriental_music_2018.md,4150,`ල,"ෟ  න්‍, 8`ල"
oriental_music_2018.md,4154,`,"න්‍,     ෑ  ැ )  5 `0"
oriental_music_2018.md,4159,`,)ෟූ7`0ෟ ෟ   5
oriental_music_2018.md,4165,`,5 `0 ු
oriental_music_2018.md,4169,ඨ`,/ඨ`0ෟ ශ  ුෟ
oriental_music_2018.md,4175,`,"ෟ*`0     ුන්‍, ු"
oriental_music_2018.md,4180,`,"`0 න්‍,"
oriental_music_2018.md,4183,`,"ෟ  `0  ඪ, 1"
oriental_music_2018.md,4631,ූ`,4ූ`)ෟරැි
oriental_music_2018.md,4793,`ක්,ූ?ත4 `ක්‍ ච
swara_establishment_songs.md,16,`,> Text was extracted from the PDF text layer with `pdftotext -layout`. OCR was not used.
swara_establishment_songs.md,16,`,> Text was extracted from the PDF text layer with `pdftotext -layout`. OCR was not used.
swara_keyboard_instruments.md,16,`,> Text was extracted from the PDF text layer with `pdftotext -layout`. OCR was not used.
swara_keyboard_instruments.md,16,`,> Text was extracted from the PDF text layer with `pdftotext -layout`. OCR was not used.
western_music_syllabus.md,92,ළ`ගා,තත්ත්වයන්  ළ`ගා  කර
western_music_syllabus.md,122,යනවි`දියි,රහ්මාන් යනවි`දියි.  මෙහෙයවීම  වැනි  විවිධ  පෞරුෂ
western_music_syllabus.md,171,වි``දියි,ගීත රස වි``දියි.
western_music_syllabus.md,173,වි`දිමින්,කරමින්  රස  වි`දිමින්  ගීතඇසුරින්)
western_music_syllabus.md,175,සංගීතකඳු`ඵ,5.2 ශ්‍රී  ලංකාවේ  සරල  සංගීතකඳු`ඵ හෙලා නෑඹිලියට/ඉපදුනු දා2. ශී්‍ර ලංකාවේ සරල සංගීත ක්‍ෂේත්‍රයේ මව්      03
